Mã sản phẩm,Tên sản phẩm,Danh mục,Mô tả,Đơn vị tính,Giá nhập,Giá bán,Số lượng tồn kho,Tồn kho tối thiểu,Vị trí lưu kho,Nhà cung cấp,Ngày nhập gần nhất,Trạng thái
LAP-2504-0001,Dell MacBook Air M2 Max,Laptop,,Chiếc,30479673,42911000,12,5,K11-H24-B18,CT TNHH Xuất nhập khẩu Đại Phát,2025-11-05,Còn hàng
LAP-2510-0002,HP ThinkPad X1 SE,Laptop,"HP ThinkPad X1 SE – lựa chọn đáng giá trong phân khúc. Nổi bật: Pin dùng 10 giờ, Trọng lượng ~1.3kg, Màn hình 13.3"" FHD. Bảo hành 18 tháng, Giao nhanh 2H nội thành. Đổi trả trong 7 ngày. #giao_nhanh #hp",Chiếc,25361144,34376000,14,5,K12-H21-B18,CT TNHH Xuất nhập khẩu Đại Phát,2025-10-30,Còn hàng
ĐỒC-2502-0003,Lego Xếp hình 500 mảnh SE,Đồ chơi,"Lego Xếp hình 500 mảnh SE chính hãng từ Lego. Giá tốt chỉ 480,000đ. Độ tuổi khuyến nghị 8+, Phát triển tư duy & sáng tạo. Bảo hành 3 tháng. Giao 24-48H toàn quốc. Đổi trả trong 7 ngày.",Hộp,355987,480000,27,15,K05-H27-B20,Phạm và Phạm Công ty Cổ phần,2025-10-28,Còn hàng
THỜ-2506-0004,H&M Áo khoác trench,Thời trang nữ,"H&M Áo khoác trench – lựa chọn đáng giá trong phân khúc. Nổi bật: Phom oversize, Dễ phối đồ, phù hợp đi làm/đi chơi, Chất liệu voan. Bảo hành 3 tháng, Giao 24-48H toàn quốc. Đổi trả trong 15 ngày.",Cái,526100,605000,78,14,K04-H22-B09,Hoàng Công ty TNHH MTV,2025-09-15,Còn hàng
THỰ-2504-0005,Kinh Đô Xúc xích tiệt trùng 10 cây Pro,Thực phẩm,"Kinh Đô Xúc xích tiệt trùng 10 cây Pro chính hãng từ Kinh Đô. Giá tốt chỉ 379,000đ. Nguồn gốc rõ ràng, an toàn vệ sinh, HSD 13 tháng, Bao bì nguyên vẹn, tem nhãn đầy đủ. Bảo hành 6 tháng. Nhận hàng tại cửa hàng. Đổi trả trong 15 ngày. #gia_tot #giao_nhanh",Gói,257857,379000,138,16,K07-H09-B03,CTCP Bán lẻ Công nghệ A-Z,2025-10-07,Còn hàng
THỰ-2507-0006,Acecook Gạo ST25 5kg SE,Thực phẩm,"Acecook Gạo ST25 5kg SE – lựa chọn đáng giá trong phân khúc. Nổi bật: Bao bì nguyên vẹn, tem nhãn đầy đủ, Nguồn gốc rõ ràng, an toàn vệ sinh, HSD 12 tháng. Bảo hành 12 tháng, Giao nhanh 2H nội thành. Đổi trả trong 15 ngày. #acecook #giao_nhanh",Gói,130222,211000,137,26,K03-H17-B16,Công ty TNHH Thương mại Minh Anh,2025-11-03,Còn hàng
ĐỒC-2509-0007,Lego Bộ lắp ghép,Đồ chơi,,Hộp,1344190,1693000,33,11,K06-H04-B10,CT TNHH Xuất nhập khẩu Đại Phát,2025-11-05,Còn hàng
ĐỒC-2505-0008,Hasbro Bộ lắp ghép,Đồ chơi,"Hasbro Bộ lắp ghép chính hãng từ Hasbro. Giá tốt chỉ 832,000đ. Phát triển tư duy & sáng tạo, Chất liệu an toàn, đạt chuẩn ASTM. Bảo hành 6 tháng. Giao nhanh 2H nội thành. Đổi trả trong 7 ngày.",Hộp,505195,832000,39,9,K03-H18-B17,Mai Bùi Công ty Cổ phần,2025-10-23,Còn hàng
LAP-2509-0009,Dell Swift 3 Pro,Laptop,"Dell Swift 3 Pro chính hãng từ Dell. Giá tốt chỉ 28,743,000đ. CPU Apple M2, Trọng lượng ~1.6kg, Màn hình 15.6"" FHD. Bảo hành 24 tháng. Giao nhanh 2H nội thành. Đổi trả trong 7 ngày. #chinhhang #giao_nhanh",Chiếc,19409873,28743000,10,5,K08-H18-B06,CTCP Bán lẻ Công nghệ A-Z,2025-11-03,Còn hàng
THỰ-2502-0010,Kinh Đô Mì Hảo Hảo thùng Pro,Thực phẩm,"Kinh Đô Mì Hảo Hảo thùng Pro – lựa chọn đáng giá trong phân khúc. Nổi bật: Nguồn gốc rõ ràng, an toàn vệ sinh, HSD 8 tháng, Bao bì nguyên vẹn, tem nhãn đầy đủ. Bảo hành 12 tháng, Nhận hàng tại cửa hàng. Hỗ trợ đổi size (thời trang). #kinh_đô #gia_tot",Gói,124855,145000,138,16,K01-H28-B11,Công ty Cổ phần Phân phối Sao Việt,2025-11-04,Còn hàng
GIA-2507-0011,Panasonic Nồi cơm 1.8L,Gia dụng,,Cái,3134626,3605000,47,15,K08-H28-B02,Công ty TNHH Thương mại Minh Anh,2025-11-04,Còn hàng
THỜ-2504-0012,Routine Áo sơ mi oxford Max,Thời trang nam,"Routine Áo sơ mi oxford Max chính hãng từ Routine. Giá tốt chỉ 488,000đ. Form oversize, Chất liệu kaki co giãn. Bảo hành 3 tháng. Giao nhanh 2H nội thành. Đổi trả trong 7 ngày. #routine #chinhhang",Cái,303333,488000,89,22,K03-H09-B15,Công ty TNHH Thương mại Minh Anh,2025-09-29,Còn hàng
THỜ-2501-0013,IVY Moda Áo kiểu lụa Mini,Thời trang nữ,"Sản phẩm IVY Moda Áo kiểu lụa Mini của IVY Moda: Dễ phối đồ, phù hợp đi làm/đi chơi, Chất liệu cotton. Giá tham khảo 631,000đ. Giao nhanh 2H nội thành. Hỗ trợ đổi size (thời trang). #giao_nhanh #chinhhang",Cái,452564,631000,98,21,K08-H10-B14,CTCP Bán lẻ Công nghệ A-Z,2025-09-27,Còn hàng
ĐIỆ-2509-0014,Vivo Redmi 13C SE,Điện thoại,"Sản phẩm Vivo Redmi 13C SE của Vivo: Camera 50MP, quay 4K, RAM 12GB, ROM 128GB, Màn hình 6.7"" AMOLED 120Hz, Pin 5200mAh, sạc nhanh 45W. Giá tham khảo 8,313,000đ. Giao nhanh 2H nội thành. Hỗ trợ đổi size (thời trang). #giao_nhanh #gia_tot",Chiếc,6040962,8313000,22,7,K09-H03-B06,Công ty TNHH Thương mại Minh Anh,2025-10-27,Còn hàng
PHỤ-2502-0015,Baseus Chuột không dây Plus,Phụ kiện,"Sản phẩm Baseus Chuột không dây Plus của Baseus: Chứng nhận an toàn CE/FCC, Công suất 45W, hỗ trợ PD/QC. Giá tham khảo 969,000đ. Giao nhanh 2H nội thành. Đổi trả trong 15 ngày.",Cái,594039,969000,128,12,K10-H04-B03,CTCP Bán lẻ Công nghệ A-Z,2025-11-02,Còn hàng
ĐỒU-2505-0016,Coca-Cola Cà phê hòa tan 20 gói SE,Đồ uống,"Sản phẩm Coca-Cola Cà phê hòa tan 20 gói SE của Coca-Cola: Bảo quản nơi khô ráo, thoáng mát, NSX gần, HSD còn dài, Thùng 12 lon/chai. Giá tham khảo 755,000đ. Giao 24-48H toàn quốc. Đổi trả trong 7 ngày. #giao_nhanh #coca-cola",Thùng,500000,755000,137,16,K03-H09-B04,Trần và Trần Công ty TNHH MTV,2025-10-16,Còn hàng
MỸP-2511-0017,Innisfree Sữa rửa mặt Pro,Mỹ phẩm,"Innisfree Sữa rửa mặt Pro chính hãng từ Innisfree. Giá tốt chỉ 930,000đ. Không paraben, không cồn khô, Phù hợp loại da hỗn hợp, Thành phần nổi bật: Ceramide. Bảo hành 12 tháng. Giao nhanh 2H nội thành. Đổi trả trong 7 ngày.",Tuýp,666192,930000,70,20,K01-H01-B11,Hoàng và Vũ Tập Đoàn,2025-10-24,Còn hàng
PHỤ-2510-0018,Logitech Sạc 20W Plus,Phụ kiện,"Sản phẩm Logitech Sạc 20W Plus của Logitech: Chứng nhận an toàn CE/FCC, Cáp USB-C to Lightning dài 1m. Giá tham khảo 636,000đ. Giao nhanh 2H nội thành. Đổi trả trong 15 ngày.",Cái,538181,636000,120,16,K01-H10-B12,Mai và đối tác Công ty TNHH,2025-11-04,Còn hàng
THỜ-2503-0019,NEM Áo kiểu lụa Max,Thời trang nữ,"NEM Áo kiểu lụa Max chính hãng từ NEM. Giá tốt chỉ 289,000đ. Phom A-line, Chất liệu lụa, Dễ phối đồ, phù hợp đi làm/đi chơi. Bảo hành 6 tháng. Giao nhanh 2H nội thành. Đổi trả trong 15 ngày. #nem #gia_tot",Cái,212793,289000,82,22,K12-H30-B11,Trần và đối tác Công ty Hợp danh,2025-09-01,Còn hàng
ĐỒC-2511-0020,Hasbro Búp bê Pro,Đồ chơi,"Sản phẩm Hasbro Búp bê Pro của Hasbro: Chất liệu an toàn, đạt chuẩn ASTM, Độ tuổi khuyến nghị 3+, Phát triển tư duy & sáng tạo. Giá tham khảo 1,467,000đ. Giao 24-48H toàn quốc. Đổi trả trong 7 ngày.",Hộp,973845,1467000,35,9,K05-H28-B03,Hoàng và Phạm Công ty Trách nhiệm hữu hạn,2025-10-30,Còn hàng
ĐỒC-2507-0021,Lego Bộ lắp ghép SE,Đồ chơi,"Sản phẩm Lego Bộ lắp ghép SE của Lego: Độ tuổi khuyến nghị 3+, Chất liệu an toàn, đạt chuẩn ASTM, Phát triển tư duy & sáng tạo. Giá tham khảo 1,618,000đ. Nhận hàng tại cửa hàng. Hỗ trợ đổi size (thời trang).",Hộp,1163444,1618000,38,14,K06-H14-B20,Vũ Trần Tập Đoàn,2025-10-30,Còn hàng
GIA-2511-0022,Sharp Ấm siêu tốc 1.7L Pro,Gia dụng,"Sản phẩm Sharp Ấm siêu tốc 1.7L Pro của Sharp: Dung tích 23L, Bảo hành chính hãng 24 tháng, Công suất 1800W. Giá tham khảo 3,624,000đ. Giao nhanh 2H nội thành. Đổi trả trong 15 ngày.",Cái,2396614,3624000,39,14,K11-H28-B04,Bùi Doanh nghiệp tư nhân,2025-11-01,Còn hàng
PHỤ-2507-0023,Logitech Bàn phím bluetooth Plus,Phụ kiện,"Sản phẩm Logitech Bàn phím bluetooth Plus của Logitech: Chứng nhận an toàn CE/FCC, Công suất 65W, hỗ trợ PD/QC, Cáp USB-C to Lightning dài 1m. Giá tham khảo 741,000đ. Giao nhanh 2H nội thành. Đổi trả trong 15 ngày. #giao_nhanh #chinhhang",Cái,486350,741000,105,12,K04-H14-B19,CTCP Thiết bị Gia dụng H.T,2025-11-01,Còn hàng
GIA-2503-0024,Sharp Máy xay sinh tố Max,Gia dụng,"Sharp Máy xay sinh tố Max chính hãng từ Sharp. Giá tốt chỉ 1,435,000đ. Dung tích 23L, Công suất 700W, Bảo hành chính hãng 12 tháng. Bảo hành 6 tháng. Giao nhanh 2H nội thành. Đổi trả trong 15 ngày. #sharp #chinhhang",Cái,1247775,1435000,44,5,K08-H20-B03,CTCP Bán lẻ Công nghệ A-Z,2025-10-26,Còn hàng
THỰ-2503-0025,Kinh Đô Bánh ChocoPie 12 cái Mini,Thực phẩm,"Kinh Đô Bánh ChocoPie 12 cái Mini – lựa chọn đáng giá trong phân khúc. Nổi bật: HSD 13 tháng, Bao bì nguyên vẹn, tem nhãn đầy đủ, Nguồn gốc rõ ràng, an toàn vệ sinh. Bảo hành 3 tháng, Nhận hàng tại cửa hàng. Đổi trả trong 15 ngày. #gia_tot #giao_nhanh",Gói,245244,464000,142,29,K09-H20-B11,Phạm và Vũ Công ty Trách nhiệm hữu hạn,2025-11-05,Còn hàng
ĐỒC-2508-0026,Takara Tomy Búp bê Plus,Đồ chơi,"Takara Tomy Búp bê Plus – lựa chọn đáng giá trong phân khúc. Nổi bật: Độ tuổi khuyến nghị 8+, Phát triển tư duy & sáng tạo, Chất liệu an toàn, đạt chuẩn EN-71. Bảo hành 12 tháng, Giao nhanh 2H nội thành. Đổi trả trong 7 ngày. #takara_tomy #gia_tot",Hộp,1339957,1941000,25,5,K04-H09-B11,CTCP Bán lẻ Công nghệ A-Z,2025-11-02,Còn hàng
ĐIỆ-2510-0027,Apple Redmi Note 12 Mini,Điện thoại,"Sản phẩm Apple Redmi Note 12 Mini của Apple: Chip A17 Pro, Màn hình 6.5"" AMOLED 120Hz, RAM 8GB, ROM 256GB. Giá tham khảo 24,499,000đ. Giao 24-48H toàn quốc. Đổi trả trong 15 ngày. #apple #giao_nhanh",Chiếc,19045678,24499000,22,5,K10-H13-B16,CTCP Thiết bị Gia dụng H.T,2025-10-30,Còn hàng
PHỤ-2509-0028,Hyper Cáp USB-C 1m SE,Phụ kiện,"Hyper Cáp USB-C 1m SE – lựa chọn đáng giá trong phân khúc. Nổi bật: Chứng nhận an toàn CE/FCC, Công suất 45W, hỗ trợ PD/QC. Bảo hành 6 tháng, Giao 24-48H toàn quốc. Đổi trả trong 7 ngày. #hyper #gia_tot",Cái,834126,1221000,124,12,K10-H19-B01,CT TNHH Xuất nhập khẩu Đại Phát,2025-09-14,Còn hàng
THỜ-2501-0029,H&M Đầm midi Mini,Thời trang nữ,"H&M Đầm midi Mini chính hãng từ H&M. Giá tốt chỉ 1,631,000đ. Phom A-line, Dễ phối đồ, phù hợp đi làm/đi chơi. Bảo hành 12 tháng. Giao nhanh 2H nội thành. Đổi trả trong 7 ngày. #chinhhang #giao_nhanh",Cái,1200000,1631000,85,10,K06-H08-B03,Lê Dương Công ty TNHH MTV,2025-10-08,Còn hàng
GIA-2503-0030,Sunhouse Lò vi sóng 23L Plus,Gia dụng,"Sunhouse Lò vi sóng 23L Plus – lựa chọn đáng giá trong phân khúc. Nổi bật: Dung tích 1.8L, Bảo hành chính hãng 12 tháng, Công suất 1800W. Bảo hành 12 tháng, Giao nhanh 2H nội thành. Hỗ trợ đổi size (thời trang).",Cái,4479667,5758000,34,7,K03-H10-B04,CTCP Thiết bị Gia dụng H.T,2025-11-04,Còn hàng
ĐỒU-2506-0031,Coca-Cola Cà phê hòa tan 20 gói Pro,Đồ uống,"Coca-Cola Cà phê hòa tan 20 gói Pro chính hãng từ Coca-Cola. Giá tốt chỉ 395,000đ. Bảo quản nơi khô ráo, thoáng mát, NSX gần, HSD còn dài, Thùng 24 lon/chai. Bảo hành 12 tháng. Giao nhanh 2H nội thành. Đổi trả trong 15 ngày.",Thùng,283629,395000,152,26,K02-H17-B11,CT TNHH Xuất nhập khẩu Đại Phát,2025-10-08,Còn hàng
ĐỒC-2512-0032,Takara Tomy Xếp hình 500 mảnh Mini,Đồ chơi,"Takara Tomy Xếp hình 500 mảnh Mini chính hãng từ Takara Tomy. Giá tốt chỉ 1,537,000đ. Chất liệu an toàn, đạt chuẩn EN-71, Phát triển tư duy & sáng tạo, Độ tuổi khuyến nghị 6+. Bảo hành 6 tháng. Giao nhanh 2H nội thành. Đổi trả trong 15 ngày. #giao_nhanh #gia_tot",Hộp,994966,1537000,37,11,K04-H27-B03,CT TNHH Xuất nhập khẩu Đại Phát,2025-10-15,Còn hàng
ĐỒC-2504-0033,Mattel Bộ lắp ghép SE,Đồ chơi,"Sản phẩm Mattel Bộ lắp ghép SE của Mattel: Chất liệu an toàn, đạt chuẩn EN-71, Độ tuổi khuyến nghị 3+, Phát triển tư duy & sáng tạo. Giá tham khảo 1,235,000đ. Giao nhanh 2H nội thành. Đổi trả trong 15 ngày. #giao_nhanh #gia_tot",Hộp,776677,1235000,30,5,K07-H16-B18,Nguyễn và Phạm Tập Đoàn,2025-10-23,Còn hàng
THỰ-2509-0034,Acecook Gạo ST25 5kg,Thực phẩm,"Acecook Gạo ST25 5kg chính hãng từ Acecook. Giá tốt chỉ 323,000đ. Nguồn gốc rõ ràng, an toàn vệ sinh, HSD 14 tháng, Bao bì nguyên vẹn, tem nhãn đầy đủ. Bảo hành 12 tháng. Giao nhanh 2H nội thành. Đổi trả trong 7 ngày.",Gói,193603,323000,144,25,K08-H09-B10,Công ty TNHH Thương mại Minh Anh,2025-11-03,Còn hàng
ĐỒC-2505-0035,Mattel Bộ lắp ghép Max,Đồ chơi,"Sản phẩm Mattel Bộ lắp ghép Max của Mattel: Chất liệu an toàn, đạt chuẩn EN-71, Độ tuổi khuyến nghị 8+, Phát triển tư duy & sáng tạo. Giá tham khảo 1,237,000đ. Giao nhanh 2H nội thành. Đổi trả trong 7 ngày. #mattel #gia_tot",Hộp,935831,1237000,24,10,K05-H01-B18,Công ty TNHH Thương mại Minh Anh,2025-11-06,Còn hàng
THỜ-2508-0036,Canifa Áo thun cotton Plus,Thời trang nam,"Sản phẩm Canifa Áo thun cotton Plus của Canifa: Chất liệu cotton 100%, Form regular. Giá tham khảo 1,163,000đ. Giao 24-48H toàn quốc. Hỗ trợ đổi size (thời trang).",Cái,688532,1163000,70,11,K07-H16-B03,Công ty TNHH Thương mại Minh Anh,2025-10-30,Còn hàng
GIA-2508-0037,Electrolux Ấm siêu tốc 1.7L Mini,Gia dụng,"Electrolux Ấm siêu tốc 1.7L Mini chính hãng từ Electrolux. Giá tốt chỉ 7,002,000đ. Công suất 700W, Bảo hành chính hãng 24 tháng, Dung tích 1.7L. Bảo hành 6 tháng. Giao nhanh 2H nội thành. Đổi trả trong 7 ngày. #gia_tot #chinhhang",Cái,5377038,7002000,44,13,K07-H10-B19,CTCP Bán lẻ Công nghệ A-Z,2025-11-03,Còn hàng
THỜ-2501-0038,Zara Áo khoác trench Plus,Thời trang nữ,"Zara Áo khoác trench Plus chính hãng từ Zara. Giá tốt chỉ 687,000đ. Phom A-line, Chất liệu voan, Dễ phối đồ, phù hợp đi làm/đi chơi. Bảo hành 12 tháng. Giao nhanh 2H nội thành. Đổi trả trong 15 ngày. #gia_tot #zara",Cái,465239,687000,101,16,K05-H23-B15,Công ty Cổ phần Phân phối Sao Việt,2025-11-04,Còn hàng
ĐỒU-2508-0039,Lavie Chai 1.5L lốc 6 Pro,Đồ uống,"Sản phẩm Lavie Chai 1.5L lốc 6 Pro của Lavie: Thùng 24 lon/chai, Bảo quản nơi khô ráo, thoáng mát, NSX gần, HSD còn dài. Giá tham khảo 492,000đ. Giao nhanh 2H nội thành. Đổi trả trong 7 ngày.",Thùng,325724,492000,122,22,K05-H17-B18,Công ty TNHH Thương mại Minh Anh,2025-09-14,Còn hàng
ĐỒU-2510-0040,Coca-Cola Cà phê hòa tan 20 gói Plus,Đồ uống,"Coca-Cola Cà phê hòa tan 20 gói Plus – lựa chọn đáng giá trong phân khúc. Nổi bật: Thùng 24 lon/chai, NSX gần, HSD còn dài, Bảo quản nơi khô ráo, thoáng mát. Bảo hành 3 tháng, Giao 24-48H toàn quốc. Đổi trả trong 15 ngày. #chinhhang #coca-cola",Thùng,500000,733000,134,14,K03-H16-B17,CTCP Thiết bị Gia dụng H.T,2025-10-29,Còn hàng
THỜ-2511-0041,Coolmate Áo khoác gió Plus,Thời trang nam,"Sản phẩm Coolmate Áo khoác gió Plus của Coolmate: Màu sắc: xám, Chất liệu thun lạnh, Form regular. Giá tham khảo 763,000đ. Nhận hàng tại cửa hàng. Đổi trả trong 15 ngày.",Cái,496677,763000,71,20,K09-H02-B15,CTCP Thiết bị Gia dụng H.T,2025-09-07,Còn hàng
MỸP-2509-0042,L'Oreal Kem dưỡng ẩm Plus,Mỹ phẩm,"L'Oreal Kem dưỡng ẩm Plus – lựa chọn đáng giá trong phân khúc. Nổi bật: Thành phần nổi bật: Niacinamide, Phù hợp loại da hỗn hợp, Không paraben, không cồn khô. Bảo hành 3 tháng, Giao nhanh 2H nội thành. Đổi trả trong 7 ngày.",Tuýp,728469,1153000,67,11,K08-H29-B16,CTCP Bán lẻ Công nghệ A-Z,2025-10-26,Còn hàng
PHỤ-2509-0043,Hyper Sạc dự phòng 10.000mAh Plus,Phụ kiện,"Hyper Sạc dự phòng 10.000mAh Plus – lựa chọn đáng giá trong phân khúc. Nổi bật: Cáp USB-A to Lightning dài 2m, Công suất 45W, hỗ trợ PD/QC. Bảo hành 12 tháng, Giao 24-48H toàn quốc. Đổi trả trong 7 ngày.",Cái,536962,861000,113,20,K08-H16-B08,Công ty Cổ phần Phân phối Sao Việt,2025-11-02,Còn hàng
ĐỒU-2509-0044,Highlands Lon 330ml thùng 24 Mini,Đồ uống,"Highlands Lon 330ml thùng 24 Mini – lựa chọn đáng giá trong phân khúc. Nổi bật: NSX gần, HSD còn dài, Thùng 24 lon/chai, Bảo quản nơi khô ráo, thoáng mát. Bảo hành 3 tháng, Giao 24-48H toàn quốc. Đổi trả trong 7 ngày.",Thùng,266842,472000,132,28,K09-H25-B18,CTCP Thiết bị Gia dụng H.T,2025-11-03,Còn hàng
THỜ-2501-0045,Zara Áo kiểu lụa Mini,Thời trang nữ,"Zara Áo kiểu lụa Mini – lựa chọn đáng giá trong phân khúc. Nổi bật: Chất liệu voan, Phom bodycon. Bảo hành 12 tháng, Giao nhanh 2H nội thành. Đổi trả trong 7 ngày.",Cái,697694,1082000,78,13,K10-H11-B04,Mai Mai Doanh nghiệp tư nhân,2025-10-26,Còn hàng
ĐỒC-2502-0046,Mattel Xếp hình 500 mảnh,Đồ chơi,"Sản phẩm Mattel Xếp hình 500 mảnh của Mattel: Độ tuổi khuyến nghị 8+, Phát triển tư duy & sáng tạo. Giá tham khảo 2,271,000đ. Giao 24-48H toàn quốc. Đổi trả trong 7 ngày. #chinhhang #giao_nhanh",Hộp,1693276,2271000,33,13,K09-H13-B11,CT TNHH Xuất nhập khẩu Đại Phát,2025-10-03,Còn hàng
LAP-2505-0047,Apple Pavilion 14,Laptop,"Apple Pavilion 14 chính hãng từ Apple. Giá tốt chỉ 24,531,000đ. Pin dùng 12 giờ, Màn hình 14"" 2.8K 90Hz. Bảo hành 12 tháng. Giao 24-48H toàn quốc. Hỗ trợ đổi size (thời trang). #giao_nhanh #gia_tot",Chiếc,14827675,24531000,10,5,K01-H10-B12,Công ty Cổ phần Phân phối Sao Việt,2025-10-19,Còn hàng
ĐỒC-2511-0048,Lego Xếp hình 500 mảnh Plus,Đồ chơi,"Lego Xếp hình 500 mảnh Plus – lựa chọn đáng giá trong phân khúc. Nổi bật: Chất liệu an toàn, đạt chuẩn ASTM, Phát triển tư duy & sáng tạo. Bảo hành 6 tháng, Giao nhanh 2H nội thành. Đổi trả trong 7 ngày. #giao_nhanh #lego",Hộp,460226,596000,27,8,K06-H19-B10,CT TNHH Xuất nhập khẩu Đại Phát,2025-11-05,Còn hàng
ĐỒC-2501-0049,Lego Xếp hình 500 mảnh Plus,Đồ chơi,"Sản phẩm Lego Xếp hình 500 mảnh Plus của Lego: Phát triển tư duy & sáng tạo, Chất liệu an toàn, đạt chuẩn EN-71, Độ tuổi khuyến nghị 8+. Giá tham khảo 2,049,000đ. Nhận hàng tại cửa hàng. Hỗ trợ đổi size (thời trang). #gia_tot #giao_nhanh",Hộp,1766942,2049000,29,5,K12-H16-B10,Mai Dương Công ty TNHH,2025-11-05,Còn hàng
LAP-2508-0050,Acer Inspiron 15 Plus,Laptop,"Sản phẩm Acer Inspiron 15 Plus của Acer: Pin dùng 10 giờ, Màn hình 15.6"" FHD, CPU Ryzen 7, RAM 16GB, SSD 256GB. Giá tham khảo 52,192,000đ. Giao 24-48H toàn quốc. Đổi trả trong 15 ngày.",Chiếc,35429391,52192000,9,5,K12-H05-B03,Lê Công ty Trách nhiệm hữu hạn,2025-10-30,Còn hàng
LAP-2504-0051,Apple XPS 13 Max,Laptop,,Chiếc,40542925,54032000,11,13,K09-H12-B03,Hoàng và đối tác Công ty TNHH,2025-10-20,Còn hàng
THỰ-2511-0052,Orion Gạo ST25 5kg Plus,Thực phẩm,,Gói,225041,344000,155,23,K11-H12-B04,CT TNHH Xuất nhập khẩu Đại Phát,2025-10-31,Còn hàng
THỰ-2502-0053,Acecook Mì Hảo Hảo thùng,Thực phẩm,"Acecook Mì Hảo Hảo thùng – lựa chọn đáng giá trong phân khúc. Nổi bật: HSD 7 tháng, Nguồn gốc rõ ràng, an toàn vệ sinh. Bảo hành 3 tháng, Nhận hàng tại cửa hàng. Đổi trả trong 7 ngày. #acecook #giao_nhanh",Gói,282402,404000,161,29,K05-H21-B14,Công ty TNHH Thương mại Minh Anh,2025-11-06,Còn hàng
PHỤ-2508-0054,Hyper Sạc dự phòng 10.000mAh Pro,Phụ kiện,"Hyper Sạc dự phòng 10.000mAh Pro chính hãng từ Hyper. Giá tốt chỉ 1,324,000đ. Chứng nhận an toàn CE/FCC, Công suất 45W, hỗ trợ PD/QC, Cáp USB-C to Lightning dài 2m. Bảo hành 3 tháng. Giao 24-48H toàn quốc. Đổi trả trong 15 ngày.",Cái,950383,1324000,126,25,K05-H02-B12,CT TNHH Xuất nhập khẩu Đại Phát,2025-10-29,Còn hàng
MỸP-2511-0055,L'Oreal Kem dưỡng ẩm,Mỹ phẩm,"L'Oreal Kem dưỡng ẩm chính hãng từ L'Oreal. Giá tốt chỉ 270,000đ. Thành phần nổi bật: Vitamin C, Phù hợp loại da dầu, Không paraben, không cồn khô. Bảo hành 6 tháng. Giao nhanh 2H nội thành. Hỗ trợ đổi size (thời trang). #gia_tot #chinhhang",Tuýp,167183,270000,71,7,K06-H08-B05,Trần Công ty Trách nhiệm hữu hạn,2025-10-24,Còn hàng
THỰ-2511-0056,Acecook Mì Hảo Hảo thùng Pro,Thực phẩm,"Acecook Mì Hảo Hảo thùng Pro chính hãng từ Acecook. Giá tốt chỉ 166,000đ. Bao bì nguyên vẹn, tem nhãn đầy đủ, Nguồn gốc rõ ràng, an toàn vệ sinh, HSD 12 tháng. Bảo hành 12 tháng. Giao nhanh 2H nội thành. Hỗ trợ đổi size (thời trang). #giao_nhanh #acecook",Gói,93290,166000,159,15,K06-H26-B08,Công ty TNHH Thương mại Minh Anh,2025-11-03,Còn hàng
ĐỒU-2504-0057,Coca-Cola Chai 1.5L lốc 6 SE,Đồ uống,,Thùng,360743,573000,125,14,K11-H17-B10,Công ty TNHH Thương mại Minh Anh,2025-10-31,Còn hàng
MỸP-2502-0058,The Ordinary Kem chống nắng SPF50,Mỹ phẩm,,Tuýp,481934,690000,57,22,K08-H03-B03,Công ty Cổ phần Phân phối Sao Việt,2025-10-24,Còn hàng
ĐỒC-2509-0059,Mattel Xếp hình 500 mảnh SE,Đồ chơi,"Mattel Xếp hình 500 mảnh SE – lựa chọn đáng giá trong phân khúc. Nổi bật: Độ tuổi khuyến nghị 6+, Chất liệu an toàn, đạt chuẩn EN-71, Phát triển tư duy & sáng tạo. Bảo hành 6 tháng, Giao 24-48H toàn quốc. Đổi trả trong 15 ngày. #chinhhang #gia_tot",Hộp,930963,1372000,28,12,K10-H14-B04,Bùi và Lê Công ty TNHH MTV,2025-10-21,Còn hàng
THỜ-2503-0060,H&M Chân váy chữ A Plus,Thời trang nữ,"H&M Chân váy chữ A Plus – lựa chọn đáng giá trong phân khúc. Nổi bật: Phom oversize, Chất liệu cotton, Dễ phối đồ, phù hợp đi làm/đi chơi. Bảo hành 12 tháng, Giao nhanh 2H nội thành. Đổi trả trong 15 ngày.",Cái,337776,545000,93,24,K02-H03-B14,CTCP Thiết bị Gia dụng H.T,2025-11-04,Còn hàng
THỜ-2505-0061,IVY Moda Chân váy chữ A SE,Thời trang nữ,"Sản phẩm IVY Moda Chân váy chữ A SE của IVY Moda: Chất liệu cotton, Dễ phối đồ, phù hợp đi làm/đi chơi. Giá tham khảo 510,000đ. Giao nhanh 2H nội thành. Đổi trả trong 15 ngày.",Cái,369654,510000,72,20,K09-H07-B05,Công ty Cổ phần Phân phối Sao Việt,2025-10-09,Còn hàng
ĐỒU-2512-0062,Coca-Cola Cà phê hòa tan 20 gói,Đồ uống,"Sản phẩm Coca-Cola Cà phê hòa tan 20 gói của Coca-Cola: NSX gần, HSD còn dài, Bảo quản nơi khô ráo, thoáng mát, Thùng 24 lon/chai. Giá tham khảo 188,000đ. Giao nhanh 2H nội thành. Hỗ trợ đổi size (thời trang).",Thùng,102985,188000,132,21,K05-H23-B10,Mai Trần Tập Đoàn,2025-10-26,Còn hàng
LAP-2507-0063,Acer Modern 14 Max,Laptop,"Sản phẩm Acer Modern 14 Max của Acer: RAM 32GB, SSD 256GB, Màn hình 15.6"" FHD. Giá tham khảo 35,755,000đ. Giao 24-48H toàn quốc. Đổi trả trong 15 ngày. #acer #gia_tot",Chiếc,26724593,35755000,16,14,K03-H12-B10,Lê Đặng Tập Đoàn,2025-11-04,Còn hàng
ĐỒC-2507-0064,Hasbro Bộ lắp ghép Plus,Đồ chơi,,Hộp,731032,1013000,27,6,K11-H19-B16,CTCP Thiết bị Gia dụng H.T,2025-11-04,Còn hàng
THỜ-2505-0065,IVY Moda Đầm midi Max,Thời trang nữ,"IVY Moda Đầm midi Max – lựa chọn đáng giá trong phân khúc. Nổi bật: Phom oversize, Dễ phối đồ, phù hợp đi làm/đi chơi, Chất liệu voan. Bảo hành 12 tháng, Nhận hàng tại cửa hàng. Hỗ trợ đổi size (thời trang). #chinhhang #gia_tot",Cái,939492,1469000,94,15,K05-H10-B11,CT TNHH Xuất nhập khẩu Đại Phát,2025-11-05,Còn hàng
ĐIỆ-2510-0066,OPPO S23 Plus,Điện thoại,,Chiếc,10114348,12444000,15,15,K12-H21-B14,CT TNHH Xuất nhập khẩu Đại Phát,2025-11-01,Còn hàng
THỜ-2506-0067,Canifa Áo khoác gió,Thời trang nam,,Cái,408222,673000,76,10,K02-H08-B14,CTCP Bán lẻ Công nghệ A-Z,2025-10-17,Còn hàng
ĐỒC-2503-0068,Mattel Búp bê Plus,Đồ chơi,"Sản phẩm Mattel Búp bê Plus của Mattel: Độ tuổi khuyến nghị 3+, Chất liệu an toàn, đạt chuẩn EN-71. Giá tham khảo 1,702,000đ. Giao nhanh 2H nội thành. Đổi trả trong 7 ngày. #chinhhang #mattel",Hộp,1052032,1702000,34,5,K02-H17-B17,CTCP Thiết bị Gia dụng H.T,2025-10-05,Còn hàng
MỸP-2510-0069,The Ordinary Kem chống nắng SPF50,Mỹ phẩm,"The Ordinary Kem chống nắng SPF50 – lựa chọn đáng giá trong phân khúc. Nổi bật: Phù hợp loại da thường, Không paraben, không cồn khô, Thành phần nổi bật: Hyaluronic Acid. Bảo hành 12 tháng, Giao nhanh 2H nội thành. Đổi trả trong 15 ngày. #chinhhang #gia_tot",Tuýp,717828,1024000,65,17,K11-H11-B05,CT TNHH Xuất nhập khẩu Đại Phát,2025-08-04,Còn hàng
ĐỒC-2510-0070,Lego Bộ lắp ghép SE,Đồ chơi,"Sản phẩm Lego Bộ lắp ghép SE của Lego: Chất liệu an toàn, đạt chuẩn EN-71, Phát triển tư duy & sáng tạo, Độ tuổi khuyến nghị 3+. Giá tham khảo 1,050,000đ. Giao nhanh 2H nội thành. Đổi trả trong 15 ngày. #gia_tot #chinhhang",Hộp,766972,1050000,31,15,K09-H26-B02,CTCP Bán lẻ Công nghệ A-Z,2025-10-28,Còn hàng
GIA-2509-0071,Sunhouse Ấm siêu tốc 1.7L SE,Gia dụng,"Sản phẩm Sunhouse Ấm siêu tốc 1.7L SE của Sunhouse: Bảo hành chính hãng 24 tháng, Công suất 700W. Giá tham khảo 4,787,000đ. Giao 24-48H toàn quốc. Đổi trả trong 15 ngày.",Cái,3062390,4787000,43,9,K05-H13-B14,Phạm và Nguyễn Công ty Cổ phần,2025-11-05,Còn hàng
ĐỒU-2510-0072,Pepsi Chai 1.5L lốc 6 Pro,Đồ uống,"Sản phẩm Pepsi Chai 1.5L lốc 6 Pro của Pepsi: Thùng 12 lon/chai, Bảo quản nơi khô ráo, thoáng mát. Giá tham khảo 530,000đ. Nhận hàng tại cửa hàng. Đổi trả trong 15 ngày. #giao_nhanh #gia_tot",Thùng,299828,530000,130,17,K05-H21-B13,Công ty TNHH Thương mại Minh Anh,2025-11-01,Còn hàng
PHỤ-2504-0073,Ugreen Hub 6-in-1 Mini,Phụ kiện,"Sản phẩm Ugreen Hub 6-in-1 Mini của Ugreen: Cáp USB-A to Lightning dài 1m, Công suất 65W, hỗ trợ PD/QC, Chứng nhận an toàn CE/FCC. Giá tham khảo 1,618,000đ. Giao nhanh 2H nội thành. Đổi trả trong 7 ngày.",Cái,1200000,1618000,115,19,K03-H03-B10,Dương Tập Đoàn,2025-10-06,Còn hàng
PHỤ-2506-0074,Hyper Sạc 20W Mini,Phụ kiện,"Hyper Sạc 20W Mini – lựa chọn đáng giá trong phân khúc. Nổi bật: Chứng nhận an toàn CE/FCC, Công suất 65W, hỗ trợ PD/QC, Cáp USB-A to Lightning dài 2m. Bảo hành 6 tháng, Nhận hàng tại cửa hàng. Hỗ trợ đổi size (thời trang).",Cái,991600,1474000,103,19,K10-H10-B15,Công ty Cổ phần Phân phối Sao Việt,2025-10-22,Còn hàng
GIA-2501-0075,Electrolux Máy xay sinh tố Plus,Gia dụng,"Electrolux Máy xay sinh tố Plus – lựa chọn đáng giá trong phân khúc. Nổi bật: Bảo hành chính hãng 12 tháng, Công suất 900W. Bảo hành 24 tháng, Nhận hàng tại cửa hàng. Đổi trả trong 7 ngày. #gia_tot #electrolux",Cái,3697917,4425000,44,19,K09-H30-B04,Lê Dương Công ty Hợp danh,2025-09-18,Còn hàng
THỜ-2507-0076,Routine Áo khoác gió Pro,Thời trang nam,"Routine Áo khoác gió Pro chính hãng từ Routine. Giá tốt chỉ 426,000đ. Chất liệu cotton 100%, Form regular. Bảo hành 6 tháng. Giao 24-48H toàn quốc. Hỗ trợ đổi size (thời trang).",Cái,245897,426000,87,19,K02-H12-B08,Công ty TNHH Thương mại Minh Anh,2025-09-28,Còn hàng
MỸP-2501-0077,The Ordinary Sữa rửa mặt Pro,Mỹ phẩm,"Sản phẩm The Ordinary Sữa rửa mặt Pro của The Ordinary: Không paraben, không cồn khô, Thành phần nổi bật: Niacinamide. Giá tham khảo 478,000đ. Giao 24-48H toàn quốc. Hỗ trợ đổi size (thời trang). #chinhhang #gia_tot",Tuýp,341597,478000,58,15,K03-H18-B20,Công ty TNHH Thương mại Minh Anh,2025-11-05,Còn hàng
ĐỒU-2510-0078,Coca-Cola Cà phê hòa tan 20 gói SE,Đồ uống,"Sản phẩm Coca-Cola Cà phê hòa tan 20 gói SE của Coca-Cola: NSX gần, HSD còn dài, Bảo quản nơi khô ráo, thoáng mát, Thùng 24 lon/chai. Giá tham khảo 644,000đ. Nhận hàng tại cửa hàng. Hỗ trợ đổi size (thời trang).",Thùng,405296,644000,114,20,K05-H14-B01,Công ty Cổ phần Phân phối Sao Việt,2025-11-04,Còn hàng
THỰ-2501-0079,Orion Gạo ST25 5kg Mini,Thực phẩm,"Orion Gạo ST25 5kg Mini – lựa chọn đáng giá trong phân khúc. Nổi bật: Bao bì nguyên vẹn, tem nhãn đầy đủ, HSD 17 tháng, Nguồn gốc rõ ràng, an toàn vệ sinh. Bảo hành 6 tháng, Giao nhanh 2H nội thành. Đổi trả trong 7 ngày. #gia_tot #giao_nhanh",Gói,400000,551000,183,27,K05-H24-B01,Công ty TNHH Thương mại Minh Anh,2025-11-05,Còn hàng
MỸP-2502-0080,The Ordinary Kem dưỡng ẩm Max,Mỹ phẩm,"The Ordinary Kem dưỡng ẩm Max – lựa chọn đáng giá trong phân khúc. Nổi bật: Phù hợp loại da hỗn hợp, Không paraben, không cồn khô, Thành phần nổi bật: Hyaluronic Acid. Bảo hành 3 tháng, Nhận hàng tại cửa hàng. Đổi trả trong 7 ngày. #chinhhang #giao_nhanh",Tuýp,184787,301000,93,21,K04-H02-B07,Vũ Bùi Công ty Trách nhiệm hữu hạn,2025-09-06,Còn hàng
THỜ-2507-0081,Yody Áo thun cotton Plus,Thời trang nam,"Yody Áo thun cotton Plus chính hãng từ Yody. Giá tốt chỉ 843,000đ. Chất liệu kaki co giãn, Form slim. Bảo hành 3 tháng. Giao 24-48H toàn quốc. Hỗ trợ đổi size (thời trang). #giao_nhanh #chinhhang",Cái,547648,843000,64,20,K07-H11-B06,CT TNHH Xuất nhập khẩu Đại Phát,2025-10-17,Còn hàng
LAP-2508-0082,Lenovo MacBook Air M2 Plus,Laptop,"Sản phẩm Lenovo MacBook Air M2 Plus của Lenovo: RAM 32GB, SSD 1024GB, CPU Apple M3. Giá tham khảo 39,742,000đ. Nhận hàng tại cửa hàng. Hỗ trợ đổi size (thời trang). #chinhhang #lenovo",Chiếc,22365733,39742000,12,14,K08-H12-B15,CTCP Thiết bị Gia dụng H.T,2025-09-28,Còn hàng
ĐỒU-2502-0083,Highlands Lon 330ml thùng 24 Max,Đồ uống,,Thùng,491061,641000,103,20,K06-H12-B13,Phạm Công ty Cổ phần,2025-10-26,Còn hàng
PHỤ-2508-0084,Hyper Hub 6-in-1 Plus,Phụ kiện,"Hyper Hub 6-in-1 Plus – lựa chọn đáng giá trong phân khúc. Nổi bật: Cáp USB-C to USB-C dài 2m, Chứng nhận an toàn CE/FCC, Công suất 65W, hỗ trợ PD/QC. Bảo hành 12 tháng, Giao nhanh 2H nội thành. Đổi trả trong 15 ngày.",Cái,781315,899000,109,14,K09-H12-B13,CTCP Thiết bị Gia dụng H.T,2025-11-04,Còn hàng
GIA-2508-0085,Electrolux Lò vi sóng 23L,Gia dụng,"Sản phẩm Electrolux Lò vi sóng 23L của Electrolux: Bảo hành chính hãng 24 tháng, Công suất 1800W, Dung tích 1.8L. Giá tham khảo 2,774,000đ. Giao 24-48H toàn quốc. Đổi trả trong 7 ngày.",Cái,2060476,2774000,44,10,K02-H15-B06,Hoàng Phạm Công ty TNHH,2025-09-29,Còn hàng
PHỤ-2502-0086,Baseus Bàn phím bluetooth Max,Phụ kiện,"Baseus Bàn phím bluetooth Max – lựa chọn đáng giá trong phân khúc. Nổi bật: Chứng nhận an toàn CE/FCC, Công suất 20W, hỗ trợ PD/QC, Cáp USB-C to USB-C dài 2m. Bảo hành 6 tháng, Nhận hàng tại cửa hàng. Hỗ trợ đổi size (thời trang). #baseus #giao_nhanh",Cái,926810,1590000,108,18,K04-H26-B16,CTCP Bán lẻ Công nghệ A-Z,2025-10-30,Còn hàng
LAP-2502-0087,HP MacBook Pro M3,Laptop,"Sản phẩm HP MacBook Pro M3 của HP: Màn hình 13.3"" FHD, Trọng lượng ~1.2kg, CPU Ryzen 7, RAM 8GB, SSD 512GB. Giá tham khảo 42,142,000đ. Giao nhanh 2H nội thành. Đổi trả trong 15 ngày. #giao_nhanh #chinhhang",Chiếc,30860805,42142000,3,15,K09-H12-B05,Trần Nguyễn Tập Đoàn,2025-07-27,Còn hàng
ĐỒC-2511-0088,Hasbro Ô tô điều khiển Max,Đồ chơi,"Sản phẩm Hasbro Ô tô điều khiển Max của Hasbro: Chất liệu an toàn, đạt chuẩn EN-71, Độ tuổi khuyến nghị 3+, Phát triển tư duy & sáng tạo. Giá tham khảo 1,747,000đ. Giao nhanh 2H nội thành. Hỗ trợ đổi size (thời trang). #gia_tot #giao_nhanh",Hộp,1217682,1747000,23,12,K02-H17-B06,CTCP Bán lẻ Công nghệ A-Z,2025-10-05,Còn hàng
THỜ-2509-0089,IVY Moda Áo khoác trench,Thời trang nữ,"IVY Moda Áo khoác trench – lựa chọn đáng giá trong phân khúc. Nổi bật: Chất liệu lụa, Dễ phối đồ, phù hợp đi làm/đi chơi. Bảo hành 3 tháng, Giao 24-48H toàn quốc. Đổi trả trong 15 ngày. #giao_nhanh #ivy_moda",Cái,584961,785000,101,18,K05-H16-B08,Dương và Phạm Công ty Hợp danh,2025-11-04,Còn hàng
PHỤ-2512-0090,Baseus Sạc dự phòng 10.000mAh Plus,Phụ kiện,"Baseus Sạc dự phòng 10.000mAh Plus – lựa chọn đáng giá trong phân khúc. Nổi bật: Chứng nhận an toàn CE/FCC, Công suất 65W, hỗ trợ PD/QC, Cáp USB-C to USB-C dài 1m. Bảo hành 3 tháng, Giao nhanh 2H nội thành. Đổi trả trong 15 ngày.",Cái,1200000,1807000,134,23,K03-H25-B12,Công ty TNHH Thương mại Minh Anh,2025-10-30,Còn hàng
THỜ-2510-0091,NEM Áo kiểu lụa Plus,Thời trang nữ,"NEM Áo kiểu lụa Plus chính hãng từ NEM. Giá tốt chỉ 549,000đ. Dễ phối đồ, phù hợp đi làm/đi chơi, Phom bodycon, Chất liệu voan. Bảo hành 3 tháng. Nhận hàng tại cửa hàng. Đổi trả trong 15 ngày. #nem #giao_nhanh",Cái,385737,549000,101,19,K03-H16-B17,CTCP Thiết bị Gia dụng H.T,2025-09-21,Còn hàng
MỸP-2507-0092,Innisfree Sữa rửa mặt Pro,Mỹ phẩm,,Tuýp,819264,1415000,73,11,K12-H12-B13,CT TNHH Xuất nhập khẩu Đại Phát,2025-10-29,Còn hàng
THỰ-2505-0093,Kinh Đô Xúc xích tiệt trùng 10 cây SE,Thực phẩm,"Sản phẩm Kinh Đô Xúc xích tiệt trùng 10 cây SE của Kinh Đô: Bao bì nguyên vẹn, tem nhãn đầy đủ, Nguồn gốc rõ ràng, an toàn vệ sinh. Giá tham khảo 342,000đ. Giao 24-48H toàn quốc. Đổi trả trong 15 ngày.",Gói,232471,342000,133,17,K08-H25-B18,CTCP Bán lẻ Công nghệ A-Z,2025-10-31,Còn hàng
PHỤ-2507-0094,Ugreen Bàn phím bluetooth SE,Phụ kiện,"Ugreen Bàn phím bluetooth SE – lựa chọn đáng giá trong phân khúc. Nổi bật: Cáp USB-C to Lightning dài 2m, Chứng nhận an toàn CE/FCC, Công suất 30W, hỗ trợ PD/QC. Bảo hành 6 tháng, Nhận hàng tại cửa hàng. Hỗ trợ đổi size (thời trang). #ugreen #giao_nhanh",Cái,260217,385000,133,13,K03-H23-B11,Phạm và đối tác Công ty TNHH,2025-10-20,Còn hàng
ĐỒU-2506-0095,Lavie Chai 1.5L lốc 6 Pro,Đồ uống,"Sản phẩm Lavie Chai 1.5L lốc 6 Pro của Lavie: NSX gần, HSD còn dài, Thùng 24 lon/chai, Bảo quản nơi khô ráo, thoáng mát. Giá tham khảo 602,000đ. Nhận hàng tại cửa hàng. Hỗ trợ đổi size (thời trang). #chinhhang #giao_nhanh",Thùng,355065,602000,115,23,K07-H19-B10,Đặng và đối tác Công ty TNHH MTV,2025-10-12,Còn hàng
MỸP-2511-0096,Maybelline Kem chống nắng SPF50 Max,Mỹ phẩm,"Maybelline Kem chống nắng SPF50 Max chính hãng từ Maybelline. Giá tốt chỉ 230,000đ. Không paraben, không cồn khô, Phù hợp loại da hỗn hợp, Thành phần nổi bật: Niacinamide. Bảo hành 12 tháng. Giao nhanh 2H nội thành. Hỗ trợ đổi size (thời trang). #maybelline #giao_nhanh",Tuýp,134428,230000,62,14,K12-H04-B07,CTCP Thiết bị Gia dụng H.T,2025-11-03,Còn hàng
THỜ-2509-0097,H&M Áo kiểu lụa Mini,Thời trang nữ,"Sản phẩm H&M Áo kiểu lụa Mini của H&M: Chất liệu cotton, Dễ phối đồ, phù hợp đi làm/đi chơi. Giá tham khảo 1,257,000đ. Nhận hàng tại cửa hàng. Đổi trả trong 7 ngày.",Cái,858888,1257000,105,19,K11-H25-B09,Công ty Cổ phần Phân phối Sao Việt,2025-10-20,Còn hàng
THỜ-2512-0098,Coolmate Quần jeans slim SE,Thời trang nam,"Sản phẩm Coolmate Quần jeans slim SE của Coolmate: Màu sắc: xanh navy, Form oversize. Giá tham khảo 571,000đ. Giao 24-48H toàn quốc. Đổi trả trong 15 ngày. #coolmate #chinhhang",Cái,358534,571000,83,16,K10-H22-B18,CT TNHH Xuất nhập khẩu Đại Phát,2025-11-02,Còn hàng
GIA-2512-0099,Electrolux Lò vi sóng 23L SE,Gia dụng,"Electrolux Lò vi sóng 23L SE – lựa chọn đáng giá trong phân khúc. Nổi bật: Công suất 700W, Dung tích 1.8L, Bảo hành chính hãng 12 tháng. Bảo hành 24 tháng, Giao 24-48H toàn quốc. Hỗ trợ đổi size (thời trang). #gia_tot #chinhhang",Cái,1535300,2411000,40,12,K10-H24-B19,Công ty TNHH Thương mại Minh Anh,2025-11-05,Còn hàng
THỰ-2508-0100,Kinh Đô Gạo ST25 5kg,Thực phẩm,"Kinh Đô Gạo ST25 5kg – lựa chọn đáng giá trong phân khúc. Nổi bật: Bao bì nguyên vẹn, tem nhãn đầy đủ, Nguồn gốc rõ ràng, an toàn vệ sinh. Bảo hành 6 tháng, Giao nhanh 2H nội thành. Đổi trả trong 7 ngày.",Gói,202664,312000,134,30,K05-H11-B10,Công ty TNHH Thương mại Minh Anh,2025-10-23,Còn hàng
PHỤ-2505-0101,Baseus Sạc 20W Pro,Phụ kiện,"Sản phẩm Baseus Sạc 20W Pro của Baseus: Chứng nhận an toàn CE/FCC, Công suất 65W, hỗ trợ PD/QC, Cáp USB-A to Lightning dài 1m. Giá tham khảo 1,306,000đ. Giao 24-48H toàn quốc. Đổi trả trong 7 ngày. #giao_nhanh #baseus",Cái,847452,1306000,136,15,K06-H10-B15,Trần và Phạm Công ty Cổ phần,2025-10-31,Còn hàng
PHỤ-2505-0102,Anker Sạc dự phòng 10.000mAh Plus,Phụ kiện,"Anker Sạc dự phòng 10.000mAh Plus chính hãng từ Anker. Giá tốt chỉ 466,000đ. Chứng nhận an toàn CE/FCC, Cáp USB-C to USB-C dài 1m, Công suất 30W, hỗ trợ PD/QC. Bảo hành 6 tháng. Giao 24-48H toàn quốc. Đổi trả trong 7 ngày. #gia_tot #anker",Cái,345675,466000,92,18,K11-H29-B13,Lê và đối tác Công ty TNHH MTV,2025-11-03,Còn hàng
ĐỒC-2512-0103,Mattel Ô tô điều khiển SE,Đồ chơi,"Mattel Ô tô điều khiển SE – lựa chọn đáng giá trong phân khúc. Nổi bật: Phát triển tư duy & sáng tạo, Độ tuổi khuyến nghị 8+, Chất liệu an toàn, đạt chuẩn ASTM. Bảo hành 12 tháng, Giao nhanh 2H nội thành. Hỗ trợ đổi size (thời trang). #gia_tot #chinhhang",Hộp,712621,880000,22,5,K06-H23-B08,Công ty TNHH Thương mại Minh Anh,2025-10-24,Còn hàng
PHỤ-2512-0104,Hyper Cáp USB-C 1m Mini,Phụ kiện,"Hyper Cáp USB-C 1m Mini chính hãng từ Hyper. Giá tốt chỉ 1,034,000đ. Cáp USB-C to Lightning dài 1m, Chứng nhận an toàn CE/FCC, Công suất 65W, hỗ trợ PD/QC. Bảo hành 12 tháng. Nhận hàng tại cửa hàng. Đổi trả trong 15 ngày.",Cái,620474,1034000,126,23,K09-H30-B16,Dương Tập Đoàn,2025-11-05,Còn hàng
LAP-2504-0105,Dell Modern 14 SE,Laptop,"Sản phẩm Dell Modern 14 SE của Dell: Màn hình 15.6"" FHD, RAM 16GB, SSD 512GB. Giá tham khảo 32,375,000đ. Nhận hàng tại cửa hàng. Đổi trả trong 15 ngày.",Chiếc,20408667,32375000,4,5,K09-H15-B04,CTCP Bán lẻ Công nghệ A-Z,2025-11-02,Còn hàng
ĐIỆ-2512-0106,OPPO iPhone 14 Pro,Điện thoại,"OPPO iPhone 14 Pro – lựa chọn đáng giá trong phân khúc. Nổi bật: RAM 8GB, ROM 128GB, Pin 4500mAh, sạc nhanh 67W, Chip Snapdragon 7 Gen 1. Bảo hành 24 tháng, Giao 24-48H toàn quốc. Đổi trả trong 15 ngày. #gia_tot #giao_nhanh",Chiếc,18954672,26424000,16,8,K01-H14-B12,Mai Tập Đoàn,2025-10-21,Còn hàng
THỜ-2507-0107,Routine Áo sơ mi oxford SE,Thời trang nam,"Routine Áo sơ mi oxford SE – lựa chọn đáng giá trong phân khúc. Nổi bật: Chất liệu thun lạnh, Màu sắc: trắng, Form regular. Bảo hành 6 tháng, Giao 24-48H toàn quốc. Đổi trả trong 7 ngày. #chinhhang #routine",Cái,586704,884000,79,12,K04-H27-B01,Phạm Công ty Cổ phần,2025-10-22,Còn hàng
THỜ-2502-0108,IVY Moda Áo kiểu lụa Max,Thời trang nữ,"Sản phẩm IVY Moda Áo kiểu lụa Max của IVY Moda: Phom A-line, Dễ phối đồ, phù hợp đi làm/đi chơi. Giá tham khảo 1,031,000đ. Giao 24-48H toàn quốc. Đổi trả trong 7 ngày. #giao_nhanh #chinhhang",Cái,896557,1031000,91,12,K08-H20-B02,Công ty TNHH Thương mại Minh Anh,2025-11-01,Còn hàng
ĐỒC-2505-0109,Hasbro Búp bê Mini,Đồ chơi,"Hasbro Búp bê Mini – lựa chọn đáng giá trong phân khúc. Nổi bật: Phát triển tư duy & sáng tạo, Độ tuổi khuyến nghị 8+, Chất liệu an toàn, đạt chuẩn ASTM. Bảo hành 12 tháng, Giao 24-48H toàn quốc. Hỗ trợ đổi size (thời trang). #giao_nhanh #gia_tot",Hộp,376819,473000,26,11,K10-H29-B06,CT TNHH Xuất nhập khẩu Đại Phát,2025-11-05,Còn hàng
PHỤ-2504-0110,Logitech Chuột không dây Max,Phụ kiện,"Logitech Chuột không dây Max – lựa chọn đáng giá trong phân khúc. Nổi bật: Chứng nhận an toàn CE/FCC, Công suất 30W, hỗ trợ PD/QC, Cáp USB-A to Lightning dài 1m. Bảo hành 6 tháng, Nhận hàng tại cửa hàng. Đổi trả trong 7 ngày.",Cái,1046256,1640000,136,21,K03-H26-B15,Lê Công ty TNHH MTV,2025-10-13,Còn hàng
LAP-2505-0111,Asus ThinkPad X1 Pro,Laptop,"Sản phẩm Asus ThinkPad X1 Pro của Asus: Màn hình 14"" 2.8K 90Hz, CPU Intel Core i5, Trọng lượng ~1.3kg. Giá tham khảo 58,428,000đ. Nhận hàng tại cửa hàng. Đổi trả trong 7 ngày.",Chiếc,37768559,58428000,5,13,K10-H02-B03,CTCP Bán lẻ Công nghệ A-Z,2025-10-25,Còn hàng
MỸP-2504-0112,Maybelline Kem dưỡng ẩm Mini,Mỹ phẩm,"Maybelline Kem dưỡng ẩm Mini – lựa chọn đáng giá trong phân khúc. Nổi bật: Phù hợp loại da thường, Thành phần nổi bật: Ceramide, Không paraben, không cồn khô. Bảo hành 6 tháng, Giao nhanh 2H nội thành. Đổi trả trong 15 ngày. #gia_tot #giao_nhanh",Tuýp,766766,931000,59,17,K07-H15-B18,CTCP Thiết bị Gia dụng H.T,2025-11-03,Còn hàng
PHỤ-2510-0113,Anker Hub 6-in-1 SE,Phụ kiện,"Anker Hub 6-in-1 SE – lựa chọn đáng giá trong phân khúc. Nổi bật: Công suất 65W, hỗ trợ PD/QC, Cáp USB-C to Lightning dài 2m, Chứng nhận an toàn CE/FCC. Bảo hành 6 tháng, Giao nhanh 2H nội thành. Hỗ trợ đổi size (thời trang). #anker #chinhhang",Cái,446078,608000,123,25,K04-H11-B08,Công ty Cổ phần Phân phối Sao Việt,2025-11-04,Còn hàng
THỰ-2511-0114,Orion Bánh ChocoPie 12 cái Pro,Thực phẩm,,Gói,184009,289000,142,16,K07-H05-B08,Công ty Cổ phần Phân phối Sao Việt,2025-07-28,Còn hàng
THỰ-2510-0115,Vissan Xúc xích tiệt trùng 10 cây Pro,Thực phẩm,,Gói,221111,351000,132,30,K01-H01-B18,Công ty TNHH Thương mại Minh Anh,2025-11-04,Còn hàng
ĐỒC-2512-0116,Mattel Bộ lắp ghép SE,Đồ chơi,"Mattel Bộ lắp ghép SE – lựa chọn đáng giá trong phân khúc. Nổi bật: Chất liệu an toàn, đạt chuẩn ASTM, Độ tuổi khuyến nghị 6+, Phát triển tư duy & sáng tạo. Bảo hành 3 tháng, Giao 24-48H toàn quốc. Đổi trả trong 15 ngày. #gia_tot #mattel",Hộp,1612924,2118000,31,16,K03-H04-B04,Công ty Cổ phần Phân phối Sao Việt,2025-11-04,Còn hàng
LAP-2507-0117,Acer Inspiron 15 Pro,Laptop,"Acer Inspiron 15 Pro chính hãng từ Acer. Giá tốt chỉ 27,502,000đ. RAM 8GB, SSD 256GB, CPU Intel Core i7, Pin dùng 12 giờ, Màn hình 15.6"" FHD. Bảo hành 24 tháng. Giao 24-48H toàn quốc. Đổi trả trong 7 ngày. #giao_nhanh #acer",Chiếc,18854306,27502000,8,13,K08-H02-B01,Lê và đối tác Công ty Cổ phần,2025-11-03,Còn hàng
ĐỒU-2501-0118,Coca-Cola Lon 330ml thùng 24 Plus,Đồ uống,"Coca-Cola Lon 330ml thùng 24 Plus – lựa chọn đáng giá trong phân khúc. Nổi bật: NSX gần, HSD còn dài, Thùng 24 lon/chai, Bảo quản nơi khô ráo, thoáng mát. Bảo hành 12 tháng, Nhận hàng tại cửa hàng. Đổi trả trong 15 ngày.",Thùng,252931,379000,134,19,K12-H27-B13,Hoàng Công ty Trách nhiệm hữu hạn,2025-10-26,Còn hàng
PHỤ-2506-0119,Anker Bàn phím bluetooth,Phụ kiện,"Anker Bàn phím bluetooth – lựa chọn đáng giá trong phân khúc. Nổi bật: Công suất 45W, hỗ trợ PD/QC, Chứng nhận an toàn CE/FCC. Bảo hành 6 tháng, Giao 24-48H toàn quốc. Đổi trả trong 7 ngày. #anker #gia_tot",Cái,267326,369000,121,13,K04-H27-B03,CTCP Bán lẻ Công nghệ A-Z,2025-11-05,Còn hàng
PHỤ-2502-0120,Logitech Sạc dự phòng 10.000mAh Mini,Phụ kiện,"Logitech Sạc dự phòng 10.000mAh Mini – lựa chọn đáng giá trong phân khúc. Nổi bật: Cáp USB-A to Lightning dài 2m, Công suất 45W, hỗ trợ PD/QC, Chứng nhận an toàn CE/FCC. Bảo hành 3 tháng, Giao nhanh 2H nội thành. Đổi trả trong 7 ngày. #giao_nhanh #chinhhang",Cái,985225,1565000,131,21,K12-H03-B03,CT TNHH Xuất nhập khẩu Đại Phát,2025-10-07,Còn hàng
PHỤ-2508-0121,Anker Cáp USB-C 1m Mini,Phụ kiện,"Sản phẩm Anker Cáp USB-C 1m Mini của Anker: Chứng nhận an toàn CE/FCC, Công suất 65W, hỗ trợ PD/QC, Cáp USB-A to Lightning dài 1m. Giá tham khảo 480,000đ. Nhận hàng tại cửa hàng. Đổi trả trong 7 ngày. #anker #chinhhang",Cái,339498,480000,119,25,K02-H12-B18,CTCP Bán lẻ Công nghệ A-Z,2025-10-11,Còn hàng
PHỤ-2508-0122,Baseus Hub 6-in-1 Plus,Phụ kiện,"Baseus Hub 6-in-1 Plus chính hãng từ Baseus. Giá tốt chỉ 383,000đ. Chứng nhận an toàn CE/FCC, Cáp USB-C to Lightning dài 1m, Công suất 65W, hỗ trợ PD/QC. Bảo hành 3 tháng. Giao nhanh 2H nội thành. Đổi trả trong 15 ngày.",Cái,261100,383000,151,16,K07-H09-B14,Công ty TNHH Thương mại Minh Anh,2025-11-03,Còn hàng
THỜ-2506-0123,Coolmate Quần jeans slim Mini,Thời trang nam,"Sản phẩm Coolmate Quần jeans slim Mini của Coolmate: Màu sắc: trắng, Form slim, Chất liệu thun lạnh. Giá tham khảo 1,041,000đ. Nhận hàng tại cửa hàng. Hỗ trợ đổi size (thời trang). #gia_tot #coolmate",Cái,696208,1041000,63,21,K11-H20-B05,CTCP Bán lẻ Công nghệ A-Z,2025-11-05,Còn hàng
THỜ-2502-0124,H&M Áo khoác trench Plus,Thời trang nữ,"H&M Áo khoác trench Plus chính hãng từ H&M. Giá tốt chỉ 946,000đ. Dễ phối đồ, phù hợp đi làm/đi chơi, Phom oversize, Chất liệu lụa. Bảo hành 6 tháng. Nhận hàng tại cửa hàng. Đổi trả trong 15 ngày. #gia_tot #h&m",Cái,679109,946000,99,15,K09-H06-B18,CT TNHH Xuất nhập khẩu Đại Phát,2025-09-18,Còn hàng
PHỤ-2508-0125,Hyper Chuột không dây Pro,Phụ kiện,"Sản phẩm Hyper Chuột không dây Pro của Hyper: Cáp USB-C to USB-C dài 2m, Công suất 30W, hỗ trợ PD/QC. Giá tham khảo 1,069,000đ. Nhận hàng tại cửa hàng. Đổi trả trong 7 ngày.",Cái,768554,1069000,125,27,K09-H17-B14,CTCP Thiết bị Gia dụng H.T,2025-11-05,Còn hàng
THỜ-2501-0126,H&M Áo khoác trench Pro,Thời trang nữ,"H&M Áo khoác trench Pro – lựa chọn đáng giá trong phân khúc. Nổi bật: Chất liệu voan, Dễ phối đồ, phù hợp đi làm/đi chơi, Phom bodycon. Bảo hành 3 tháng, Giao 24-48H toàn quốc. Đổi trả trong 7 ngày. #chinhhang #h&m",Cái,459395,528000,100,12,K09-H24-B17,CTCP Bán lẻ Công nghệ A-Z,2025-10-25,Còn hàng
PHỤ-2508-0127,Baseus Hub 6-in-1 Plus,Phụ kiện,"Baseus Hub 6-in-1 Plus chính hãng từ Baseus. Giá tốt chỉ 944,000đ. Chứng nhận an toàn CE/FCC, Công suất 20W, hỗ trợ PD/QC, Cáp USB-C to USB-C dài 2m. Bảo hành 12 tháng. Giao nhanh 2H nội thành. Hỗ trợ đổi size (thời trang).",Cái,669301,944000,128,18,K06-H16-B04,CT TNHH Xuất nhập khẩu Đại Phát,2025-10-23,Còn hàng
GIA-2503-0128,Electrolux Máy xay sinh tố SE,Gia dụng,"Electrolux Máy xay sinh tố SE – lựa chọn đáng giá trong phân khúc. Nổi bật: Dung tích 1.7L, Bảo hành chính hãng 12 tháng. Bảo hành 24 tháng, Nhận hàng tại cửa hàng. Đổi trả trong 15 ngày. #gia_tot #chinhhang",Cái,2953690,4435000,41,14,K08-H08-B13,Công ty Cổ phần Phân phối Sao Việt,2025-09-27,Còn hàng
ĐỒC-2503-0129,Lego Bộ lắp ghép SE,Đồ chơi,"Lego Bộ lắp ghép SE – lựa chọn đáng giá trong phân khúc. Nổi bật: Chất liệu an toàn, đạt chuẩn ASTM, Độ tuổi khuyến nghị 8+, Phát triển tư duy & sáng tạo. Bảo hành 6 tháng, Nhận hàng tại cửa hàng. Đổi trả trong 7 ngày. #lego #giao_nhanh",Hộp,899688,1237000,32,14,K08-H04-B09,CT TNHH Xuất nhập khẩu Đại Phát,2025-10-26,Còn hàng
PHỤ-2502-0130,Baseus Bàn phím bluetooth SE,Phụ kiện,"Sản phẩm Baseus Bàn phím bluetooth SE của Baseus: Chứng nhận an toàn CE/FCC, Công suất 65W, hỗ trợ PD/QC, Cáp USB-A to Lightning dài 1m. Giá tham khảo 715,000đ. Nhận hàng tại cửa hàng. Hỗ trợ đổi size (thời trang).",Cái,469466,715000,121,16,K04-H10-B04,Công ty Cổ phần Phân phối Sao Việt,2025-10-27,Còn hàng
PHỤ-2505-0131,Logitech Cáp USB-C 1m Mini,Phụ kiện,"Logitech Cáp USB-C 1m Mini – lựa chọn đáng giá trong phân khúc. Nổi bật: Chứng nhận an toàn CE/FCC, Công suất 65W, hỗ trợ PD/QC. Bảo hành 12 tháng, Nhận hàng tại cửa hàng. Hỗ trợ đổi size (thời trang). #logitech #gia_tot",Cái,406072,554000,111,16,K08-H20-B02,Hoàng Công ty Cổ phần,2025-10-15,Còn hàng
MỸP-2510-0132,The Ordinary Kem dưỡng ẩm Pro,Mỹ phẩm,"Sản phẩm The Ordinary Kem dưỡng ẩm Pro của The Ordinary: Phù hợp loại da thường, Không paraben, không cồn khô, Thành phần nổi bật: Niacinamide. Giá tham khảo 1,055,000đ. Nhận hàng tại cửa hàng. Đổi trả trong 15 ngày.",Tuýp,770023,1055000,81,7,K04-H10-B02,CTCP Bán lẻ Công nghệ A-Z,2025-11-01,Còn hàng
ĐIỆ-2509-0133,Nokia G22 Mini,Điện thoại,"Nokia G22 Mini chính hãng từ Nokia. Giá tốt chỉ 37,268,000đ. Camera 50MP, quay 4K, Pin 5200mAh, sạc nhanh 45W. Bảo hành 24 tháng. Giao nhanh 2H nội thành. Hỗ trợ đổi size (thời trang).",Chiếc,22000000,37268000,16,8,K02-H24-B08,Công ty TNHH Thương mại Minh Anh,2025-09-29,Còn hàng
GIA-2509-0134,Panasonic Bếp hồng ngoại Plus,Gia dụng,"Sản phẩm Panasonic Bếp hồng ngoại Plus của Panasonic: Công suất 900W, Dung tích 1.8L. Giá tham khảo 4,038,000đ. Nhận hàng tại cửa hàng. Đổi trả trong 7 ngày.",Cái,2974082,4038000,41,12,K03-H11-B10,CTCP Thiết bị Gia dụng H.T,2025-10-08,Còn hàng
GIA-2511-0135,Philips Lò vi sóng 23L Max,Gia dụng,"Philips Lò vi sóng 23L Max – lựa chọn đáng giá trong phân khúc. Nổi bật: Công suất 1800W, Dung tích 1.7L, Bảo hành chính hãng 24 tháng. Bảo hành 18 tháng, Giao 24-48H toàn quốc. Đổi trả trong 15 ngày. #chinhhang #giao_nhanh",Cái,3497294,5036000,41,16,K10-H21-B09,CT TNHH Xuất nhập khẩu Đại Phát,2025-11-03,Còn hàng
MỸP-2507-0136,Innisfree Sữa rửa mặt SE,Mỹ phẩm,"Innisfree Sữa rửa mặt SE chính hãng từ Innisfree. Giá tốt chỉ 1,125,000đ. Thành phần nổi bật: Ceramide, Phù hợp loại da khô, Không paraben, không cồn khô. Bảo hành 12 tháng. Giao nhanh 2H nội thành. Đổi trả trong 7 ngày. #innisfree #chinhhang",Tuýp,771391,1125000,72,13,K04-H16-B09,CTCP Thiết bị Gia dụng H.T,2025-09-18,Còn hàng
LAP-2508-0137,MSI Pavilion 14 Mini,Laptop,"Sản phẩm MSI Pavilion 14 Mini của MSI: Trọng lượng ~1.2kg, RAM 16GB, SSD 1024GB, Pin dùng 12 giờ. Giá tham khảo 67,063,000đ. Giao nhanh 2H nội thành. Đổi trả trong 15 ngày. #gia_tot #msi",Chiếc,45000000,67063000,16,5,K07-H07-B05,Phạm và Đặng Công ty Cổ phần,2025-10-06,Còn hàng
LAP-2504-0138,Acer XPS 13 Pro,Laptop,,Chiếc,12514653,22397000,6,16,K10-H08-B17,Công ty TNHH Thương mại Minh Anh,2025-09-27,Còn hàng
THỜ-2503-0139,Routine Áo khoác gió,Thời trang nam,"Sản phẩm Routine Áo khoác gió của Routine: Màu sắc: trắng, Form regular. Giá tham khảo 371,000đ. Nhận hàng tại cửa hàng. Đổi trả trong 7 ngày. #routine #gia_tot",Cái,225488,371000,79,23,K07-H03-B04,CTCP Thiết bị Gia dụng H.T,2025-10-26,Còn hàng
GIA-2511-0140,Philips Ấm siêu tốc 1.7L SE,Gia dụng,"Philips Ấm siêu tốc 1.7L SE chính hãng từ Philips. Giá tốt chỉ 7,137,000đ. Dung tích 23L, Bảo hành chính hãng 12 tháng, Công suất 700W. Bảo hành 18 tháng. Nhận hàng tại cửa hàng. Đổi trả trong 7 ngày. #giao_nhanh #philips",Cái,5305578,7137000,38,18,K02-H29-B04,Công ty TNHH Thương mại Minh Anh,2025-11-06,Còn hàng
ĐIỆ-2504-0141,Nokia C55 Plus,Điện thoại,"Nokia C55 Plus chính hãng từ Nokia. Giá tốt chỉ 25,252,000đ. RAM 8GB, ROM 512GB, Màn hình 6.2"" AMOLED 120Hz. Bảo hành 6 tháng. Giao 24-48H toàn quốc. Đổi trả trong 15 ngày. #nokia #gia_tot",Chiếc,17258238,25252000,18,8,K05-H21-B02,Nguyễn Công ty TNHH MTV,2025-10-31,Còn hàng
THỰ-2501-0142,Kinh Đô Gạo ST25 5kg Pro,Thực phẩm,"Sản phẩm Kinh Đô Gạo ST25 5kg Pro của Kinh Đô: HSD 17 tháng, Nguồn gốc rõ ràng, an toàn vệ sinh, Bao bì nguyên vẹn, tem nhãn đầy đủ. Giá tham khảo 53,000đ. Giao nhanh 2H nội thành. Hỗ trợ đổi size (thời trang). #gia_tot #kinh_đô",Gói,37492,53000,144,17,K04-H02-B02,Trần Công ty Hợp danh,2025-10-20,Còn hàng
LAP-2504-0143,Lenovo XPS 13 SE,Laptop,"Sản phẩm Lenovo XPS 13 SE của Lenovo: Pin dùng 8 giờ, Màn hình 14"" 2.8K 90Hz, Trọng lượng ~1.2kg. Giá tham khảo 26,127,000đ. Nhận hàng tại cửa hàng. Hỗ trợ đổi size (thời trang).",Chiếc,18140857,26127000,6,5,K07-H19-B03,CT TNHH Xuất nhập khẩu Đại Phát,2025-09-03,Còn hàng
LAP-2501-0144,Dell Pavilion 14,Laptop,"Dell Pavilion 14 – lựa chọn đáng giá trong phân khúc. Nổi bật: Trọng lượng ~1.2kg, Pin dùng 8 giờ, CPU Apple M2, Màn hình 14"" 2.8K 90Hz. Bảo hành 18 tháng, Nhận hàng tại cửa hàng. Đổi trả trong 7 ngày.",Chiếc,22692943,35015000,9,6,K06-H17-B17,Trần và Phạm Doanh nghiệp tư nhân,2025-08-17,Còn hàng
ĐỒU-2509-0145,Coca-Cola Chai 1.5L lốc 6 Mini,Đồ uống,"Coca-Cola Chai 1.5L lốc 6 Mini chính hãng từ Coca-Cola. Giá tốt chỉ 286,000đ. NSX gần, HSD còn dài, Thùng 12 lon/chai. Bảo hành 3 tháng. Giao nhanh 2H nội thành. Đổi trả trong 7 ngày. #coca-cola #chinhhang",Thùng,196031,286000,116,24,K10-H06-B12,Công ty TNHH Thương mại Minh Anh,2025-11-04,Còn hàng
PHỤ-2512-0146,Anker Bàn phím bluetooth,Phụ kiện,"Anker Bàn phím bluetooth – lựa chọn đáng giá trong phân khúc. Nổi bật: Cáp USB-C to USB-C dài 1m, Chứng nhận an toàn CE/FCC. Bảo hành 6 tháng, Giao nhanh 2H nội thành. Đổi trả trong 15 ngày.",Cái,427871,632000,128,25,K04-H14-B11,Công ty TNHH Thương mại Minh Anh,2025-11-02,Còn hàng
ĐỒC-2508-0147,Mattel Bộ lắp ghép SE,Đồ chơi,"Mattel Bộ lắp ghép SE chính hãng từ Mattel. Giá tốt chỉ 1,498,000đ. Chất liệu an toàn, đạt chuẩn EN-71, Phát triển tư duy & sáng tạo. Bảo hành 3 tháng. Giao nhanh 2H nội thành. Đổi trả trong 15 ngày. #giao_nhanh #mattel",Hộp,870670,1498000,31,5,K05-H19-B10,Hoàng và Mai Công ty TNHH,2025-10-28,Còn hàng
ĐIỆ-2507-0148,Xiaomi A14,Điện thoại,"Sản phẩm Xiaomi A14 của Xiaomi: Camera 64MP, quay 4K, Pin 5200mAh, sạc nhanh 45W. Giá tham khảo 9,135,000đ. Nhận hàng tại cửa hàng. Đổi trả trong 7 ngày. #gia_tot #giao_nhanh",Chiếc,6144547,9135000,19,11,K09-H08-B14,Công ty TNHH Thương mại Minh Anh,2025-11-02,Còn hàng
THỜ-2511-0149,IVY Moda Đầm midi Mini,Thời trang nữ,"IVY Moda Đầm midi Mini chính hãng từ IVY Moda. Giá tốt chỉ 735,000đ. Chất liệu tuýp-si co giãn, Phom bodycon, Dễ phối đồ, phù hợp đi làm/đi chơi. Bảo hành 3 tháng. Giao nhanh 2H nội thành. Đổi trả trong 7 ngày.",Cái,416162,735000,86,13,K05-H28-B11,Lê Doanh nghiệp tư nhân,2025-11-06,Còn hàng
ĐỒU-2503-0150,Coca-Cola Lon 330ml thùng 24 Pro,Đồ uống,"Sản phẩm Coca-Cola Lon 330ml thùng 24 Pro của Coca-Cola: Thùng 12 lon/chai, Bảo quản nơi khô ráo, thoáng mát. Giá tham khảo 391,000đ. Nhận hàng tại cửa hàng. Đổi trả trong 15 ngày. #chinhhang #coca-cola",Thùng,268778,391000,117,27,K07-H04-B18,Công ty Cổ phần Phân phối Sao Việt,2025-10-29,Còn hàng
THỜ-2504-0151,Canifa Áo thun cotton,Thời trang nam,,Cái,375305,577000,72,19,K01-H22-B10,Công ty Cổ phần Phân phối Sao Việt,2025-10-20,Còn hàng
THỜ-2508-0152,Zara Áo kiểu lụa Pro,Thời trang nữ,"Zara Áo kiểu lụa Pro chính hãng từ Zara. Giá tốt chỉ 1,247,000đ. Chất liệu lụa, Dễ phối đồ, phù hợp đi làm/đi chơi, Phom oversize. Bảo hành 12 tháng. Giao 24-48H toàn quốc. Đổi trả trong 7 ngày.",Cái,973718,1247000,82,12,K03-H04-B01,Công ty Cổ phần Phân phối Sao Việt,2025-09-18,Còn hàng
GIA-2506-0153,Sunhouse Máy xay sinh tố Pro,Gia dụng,"Sunhouse Máy xay sinh tố Pro chính hãng từ Sunhouse. Giá tốt chỉ 1,617,000đ. Dung tích 1.8L, Công suất 900W, Bảo hành chính hãng 24 tháng. Bảo hành 12 tháng. Giao 24-48H toàn quốc. Đổi trả trong 7 ngày. #sunhouse #chinhhang",Cái,1035855,1617000,47,7,K08-H02-B06,Đặng Phạm Công ty Trách nhiệm hữu hạn,2025-11-01,Còn hàng
ĐIỆ-2504-0154,Vivo Y36 SE,Điện thoại,"Vivo Y36 SE – lựa chọn đáng giá trong phân khúc. Nổi bật: Pin 5200mAh, sạc nhanh 45W, Màn hình 6.8"" AMOLED 120Hz, RAM 12GB, ROM 256GB. Bảo hành 18 tháng, Nhận hàng tại cửa hàng. Hỗ trợ đổi size (thời trang). #gia_tot #chinhhang",Chiếc,9722264,17185000,27,11,K09-H16-B02,CT TNHH Xuất nhập khẩu Đại Phát,2025-09-09,Còn hàng
THỜ-2501-0155,Canifa Áo thun cotton Plus,Thời trang nam,"Canifa Áo thun cotton Plus chính hãng từ Canifa. Giá tốt chỉ 490,000đ. Form oversize, Chất liệu thun lạnh. Bảo hành 6 tháng. Giao nhanh 2H nội thành. Đổi trả trong 7 ngày. #giao_nhanh #canifa",Cái,409926,490000,89,23,K10-H08-B06,Công ty Cổ phần Phân phối Sao Việt,2025-10-21,Còn hàng
ĐIỆ-2510-0156,Realme G22 Plus,Điện thoại,"Sản phẩm Realme G22 Plus của Realme: Chip Dimensity 7050, RAM 6GB, ROM 256GB. Giá tham khảo 18,190,000đ. Giao nhanh 2H nội thành. Đổi trả trong 15 ngày. #giao_nhanh #chinhhang",Chiếc,15817593,18190000,17,6,K04-H27-B16,Công ty Cổ phần Phân phối Sao Việt,2025-11-04,Còn hàng
ĐIỆ-2503-0157,Apple Y36,Điện thoại,"Sản phẩm Apple Y36 của Apple: Pin 4500mAh, sạc nhanh 33W, RAM 12GB, ROM 256GB, Chip Dimensity 7050. Giá tham khảo 27,435,000đ. Giao nhanh 2H nội thành. Hỗ trợ đổi size (thời trang). #giao_nhanh #chinhhang",Chiếc,16641740,27435000,24,5,K06-H03-B12,Trần Công ty Trách nhiệm hữu hạn,2025-09-22,Còn hàng
ĐỒU-2512-0158,Pepsi Chai 1.5L lốc 6 Plus,Đồ uống,,Thùng,236302,371000,141,22,K12-H01-B19,CTCP Bán lẻ Công nghệ A-Z,2025-10-29,Còn hàng
ĐỒU-2511-0159,Lavie Cà phê hòa tan 20 gói Max,Đồ uống,"Sản phẩm Lavie Cà phê hòa tan 20 gói Max của Lavie: Bảo quản nơi khô ráo, thoáng mát, NSX gần, HSD còn dài, Thùng 12 lon/chai. Giá tham khảo 640,000đ. Giao nhanh 2H nội thành. Đổi trả trong 7 ngày. #giao_nhanh #chinhhang",Thùng,422881,640000,116,16,K03-H11-B03,CTCP Thiết bị Gia dụng H.T,2025-10-31,Còn hàng
ĐIỆ-2512-0160,Samsung Redmi Note 12 Mini,Điện thoại,"Samsung Redmi Note 12 Mini chính hãng từ Samsung. Giá tốt chỉ 23,828,000đ. RAM 6GB, ROM 256GB, Camera 50MP, quay 4K. Bảo hành 18 tháng. Giao 24-48H toàn quốc. Đổi trả trong 7 ngày. #samsung #chinhhang",Chiếc,15379696,23828000,17,15,K07-H16-B13,CT TNHH Xuất nhập khẩu Đại Phát,2025-10-30,Còn hàng
LAP-2510-0161,Asus XPS 13 Plus,Laptop,"Asus XPS 13 Plus chính hãng từ Asus. Giá tốt chỉ 52,033,000đ. RAM 32GB, SSD 1024GB, Trọng lượng ~1.4kg, Pin dùng 12 giờ. Bảo hành 18 tháng. Giao 24-48H toàn quốc. Đổi trả trong 7 ngày. #asus #chinhhang",Chiếc,31982955,52033000,11,16,K07-H21-B06,CT TNHH Xuất nhập khẩu Đại Phát,2025-10-25,Còn hàng
ĐIỆ-2502-0162,Xiaomi A14 Mini,Điện thoại,"Xiaomi A14 Mini – lựa chọn đáng giá trong phân khúc. Nổi bật: Camera 64MP, quay 4K, Pin 5000mAh, sạc nhanh 67W, Chip Snapdragon 7 Gen 1. Bảo hành 6 tháng, Nhận hàng tại cửa hàng. Hỗ trợ đổi size (thời trang). #xiaomi #gia_tot",Chiếc,15978580,25489000,22,11,K11-H20-B16,Công ty TNHH Thương mại Minh Anh,2025-10-25,Còn hàng
PHỤ-2508-0163,Hyper Sạc 20W Plus,Phụ kiện,"Sản phẩm Hyper Sạc 20W Plus của Hyper: Công suất 30W, hỗ trợ PD/QC, Chứng nhận an toàn CE/FCC, Cáp USB-C to Lightning dài 1m. Giá tham khảo 666,000đ. Nhận hàng tại cửa hàng. Đổi trả trong 15 ngày. #hyper #giao_nhanh",Cái,505075,666000,121,26,K05-H19-B02,Công ty TNHH Thương mại Minh Anh,2025-11-05,Còn hàng
GIA-2507-0164,Sunhouse Lò vi sóng 23L Pro,Gia dụng,"Sunhouse Lò vi sóng 23L Pro chính hãng từ Sunhouse. Giá tốt chỉ 3,332,000đ. Bảo hành chính hãng 12 tháng, Dung tích 1.8L. Bảo hành 12 tháng. Giao nhanh 2H nội thành. Đổi trả trong 15 ngày.",Cái,2550750,3332000,42,5,K09-H26-B19,CTCP Bán lẻ Công nghệ A-Z,2025-10-30,Còn hàng
THỜ-2505-0165,NEM Áo kiểu lụa SE,Thời trang nữ,"NEM Áo kiểu lụa SE chính hãng từ NEM. Giá tốt chỉ 1,622,000đ. Chất liệu tuýp-si co giãn, Dễ phối đồ, phù hợp đi làm/đi chơi. Bảo hành 3 tháng. Giao 24-48H toàn quốc. Đổi trả trong 7 ngày. #chinhhang #nem",Cái,842915,1622000,96,19,K02-H03-B13,CTCP Bán lẻ Công nghệ A-Z,2025-10-15,Còn hàng
ĐỒU-2506-0166,Coca-Cola Chai 1.5L lốc 6 SE,Đồ uống,"Sản phẩm Coca-Cola Chai 1.5L lốc 6 SE của Coca-Cola: Bảo quản nơi khô ráo, thoáng mát, Thùng 24 lon/chai, NSX gần, HSD còn dài. Giá tham khảo 283,000đ. Giao 24-48H toàn quốc. Đổi trả trong 15 ngày. #coca-cola #gia_tot",Thùng,240883,283000,152,26,K11-H16-B19,Công ty TNHH Thương mại Minh Anh,2025-11-05,Còn hàng
THỜ-2505-0167,Routine Quần jeans slim Plus,Thời trang nam,"Routine Quần jeans slim Plus – lựa chọn đáng giá trong phân khúc. Nổi bật: Chất liệu thun lạnh, Màu sắc: xám, Form oversize. Bảo hành 12 tháng, Giao nhanh 2H nội thành. Đổi trả trong 7 ngày. #routine #giao_nhanh",Cái,714045,945000,80,16,K12-H22-B04,Lê Công ty Hợp danh,2025-11-03,Còn hàng
MỸP-2509-0168,Laneige Serum Vitamin C Pro,Mỹ phẩm,"Laneige Serum Vitamin C Pro – lựa chọn đáng giá trong phân khúc. Nổi bật: Thành phần nổi bật: Vitamin C, Không paraben, không cồn khô. Bảo hành 3 tháng, Giao nhanh 2H nội thành. Đổi trả trong 7 ngày. #giao_nhanh #laneige",Tuýp,296313,427000,55,12,K12-H17-B13,CTCP Bán lẻ Công nghệ A-Z,2025-10-25,Còn hàng
GIA-2509-0169,Sharp Lò vi sóng 23L Mini,Gia dụng,"Sharp Lò vi sóng 23L Mini chính hãng từ Sharp. Giá tốt chỉ 6,448,000đ. Bảo hành chính hãng 24 tháng, Công suất 900W, Dung tích 1.8L. Bảo hành 18 tháng. Nhận hàng tại cửa hàng. Hỗ trợ đổi size (thời trang). #sharp #chinhhang",Cái,3968142,6448000,35,16,K02-H22-B01,CT TNHH Xuất nhập khẩu Đại Phát,2025-11-01,Còn hàng
PHỤ-2511-0170,Logitech Cáp USB-C 1m Max,Phụ kiện,"Sản phẩm Logitech Cáp USB-C 1m Max của Logitech: Cáp USB-C to USB-C dài 1m, Chứng nhận an toàn CE/FCC, Công suất 45W, hỗ trợ PD/QC. Giá tham khảo 854,000đ. Giao 24-48H toàn quốc. Hỗ trợ đổi size (thời trang). #logitech #gia_tot",Cái,605776,854000,123,19,K05-H21-B14,Công ty TNHH Thương mại Minh Anh,2025-10-21,Còn hàng
THỜ-2508-0171,Coolmate Quần jeans slim Max,Thời trang nam,"Sản phẩm Coolmate Quần jeans slim Max của Coolmate: Chất liệu kaki co giãn, Màu sắc: đen, Form slim. Giá tham khảo 921,000đ. Giao 24-48H toàn quốc. Đổi trả trong 15 ngày. #giao_nhanh #gia_tot",Cái,559848,921000,92,17,K10-H13-B19,CTCP Bán lẻ Công nghệ A-Z,2025-09-27,Còn hàng
ĐỒC-2504-0172,Hasbro Búp bê SE,Đồ chơi,"Sản phẩm Hasbro Búp bê SE của Hasbro: Chất liệu an toàn, đạt chuẩn ASTM, Phát triển tư duy & sáng tạo, Độ tuổi khuyến nghị 6+. Giá tham khảo 1,604,000đ. Giao nhanh 2H nội thành. Hỗ trợ đổi size (thời trang).",Hộp,1114386,1604000,37,5,K10-H13-B11,Công ty TNHH Thương mại Minh Anh,2025-07-31,Còn hàng
GIA-2509-0173,Sharp Máy xay sinh tố,Gia dụng,"Sharp Máy xay sinh tố chính hãng từ Sharp. Giá tốt chỉ 7,598,000đ. Công suất 700W, Dung tích 23L, Bảo hành chính hãng 12 tháng. Bảo hành 18 tháng. Nhận hàng tại cửa hàng. Hỗ trợ đổi size (thời trang).",Cái,5108153,7598000,53,19,K11-H12-B17,Công ty Cổ phần Phân phối Sao Việt,2025-11-05,Còn hàng
THỜ-2504-0174,Routine Áo sơ mi oxford Plus,Thời trang nam,"Routine Áo sơ mi oxford Plus – lựa chọn đáng giá trong phân khúc. Nổi bật: Màu sắc: đen, Chất liệu thun lạnh, Form regular. Bảo hành 12 tháng, Giao nhanh 2H nội thành. Hỗ trợ đổi size (thời trang). #routine #chinhhang",Cái,444338,627000,82,17,K06-H12-B09,CT TNHH Xuất nhập khẩu Đại Phát,2025-11-02,Còn hàng
PHỤ-2507-0175,Ugreen Cáp USB-C 1m Plus,Phụ kiện,"Ugreen Cáp USB-C 1m Plus chính hãng từ Ugreen. Giá tốt chỉ 523,000đ. Cáp USB-A to Lightning dài 1m, Chứng nhận an toàn CE/FCC, Công suất 30W, hỗ trợ PD/QC. Bảo hành 12 tháng. Giao nhanh 2H nội thành. Đổi trả trong 15 ngày. #ugreen #giao_nhanh",Cái,359266,523000,143,26,K12-H06-B03,Công ty Cổ phần Phân phối Sao Việt,2025-10-24,Còn hàng
THỜ-2507-0176,Zara Áo khoác trench Mini,Thời trang nữ,"Zara Áo khoác trench Mini chính hãng từ Zara. Giá tốt chỉ 335,000đ. Phom oversize, Chất liệu lụa. Bảo hành 12 tháng. Nhận hàng tại cửa hàng. Đổi trả trong 7 ngày. #giao_nhanh #gia_tot",Cái,217334,335000,100,9,K04-H24-B12,Phạm và Phạm Công ty Trách nhiệm hữu hạn,2025-11-02,Còn hàng
PHỤ-2510-0177,Anker Chuột không dây SE,Phụ kiện,"Anker Chuột không dây SE – lựa chọn đáng giá trong phân khúc. Nổi bật: Công suất 30W, hỗ trợ PD/QC, Chứng nhận an toàn CE/FCC, Cáp USB-A to Lightning dài 2m. Bảo hành 6 tháng, Giao nhanh 2H nội thành. Đổi trả trong 7 ngày. #gia_tot #giao_nhanh",Cái,461573,595000,101,21,K01-H10-B10,CTCP Bán lẻ Công nghệ A-Z,2025-11-05,Còn hàng
PHỤ-2510-0178,Ugreen Sạc dự phòng 10.000mAh Pro,Phụ kiện,"Ugreen Sạc dự phòng 10.000mAh Pro – lựa chọn đáng giá trong phân khúc. Nổi bật: Cáp USB-C to USB-C dài 1m, Công suất 20W, hỗ trợ PD/QC, Chứng nhận an toàn CE/FCC. Bảo hành 3 tháng, Nhận hàng tại cửa hàng. Đổi trả trong 7 ngày. #chinhhang #giao_nhanh",Cái,304195,498000,114,17,K12-H21-B02,CTCP Thiết bị Gia dụng H.T,2025-11-02,Còn hàng
ĐỒC-2512-0179,Takara Tomy Búp bê Max,Đồ chơi,"Takara Tomy Búp bê Max chính hãng từ Takara Tomy. Giá tốt chỉ 1,371,000đ. Phát triển tư duy & sáng tạo, Chất liệu an toàn, đạt chuẩn EN-71, Độ tuổi khuyến nghị 6+. Bảo hành 3 tháng. Giao nhanh 2H nội thành. Đổi trả trong 15 ngày. #giao_nhanh #takara_tomy",Hộp,835240,1371000,38,5,K11-H04-B17,CTCP Bán lẻ Công nghệ A-Z,2025-09-09,Còn hàng
GIA-2503-0180,Sharp Ấm siêu tốc 1.7L Plus,Gia dụng,,Cái,3092416,3556000,37,5,K04-H23-B16,Công ty TNHH Thương mại Minh Anh,2025-10-24,Còn hàng
LAP-2502-0181,Dell Swift 3 Max,Laptop,"Dell Swift 3 Max – lựa chọn đáng giá trong phân khúc. Nổi bật: Trọng lượng ~1.3kg, CPU Intel Core i5. Bảo hành 18 tháng, Giao 24-48H toàn quốc. Hỗ trợ đổi size (thời trang). #chinhhang #dell",Chiếc,39597703,53690000,13,5,K02-H29-B09,CT TNHH Xuất nhập khẩu Đại Phát,2025-10-29,Còn hàng
ĐIỆ-2511-0182,Samsung S24,Điện thoại,"Samsung S24 chính hãng từ Samsung. Giá tốt chỉ 11,603,000đ. Camera 64MP, quay 4K, Pin 5000mAh, sạc nhanh 67W, Màn hình 6.8"" AMOLED 120Hz. Bảo hành 24 tháng. Nhận hàng tại cửa hàng. Đổi trả trong 7 ngày. #chinhhang #samsung",Chiếc,9202987,11603000,13,7,K08-H20-B09,Lê Lê Công ty TNHH MTV,2025-10-28,Còn hàng
LAP-2511-0183,Apple Swift 3 SE,Laptop,"Sản phẩm Apple Swift 3 SE của Apple: Pin dùng 8 giờ, Màn hình 14"" 2.8K 90Hz. Giá tham khảo 28,410,000đ. Giao nhanh 2H nội thành. Hỗ trợ đổi size (thời trang). #gia_tot #giao_nhanh",Chiếc,19039483,28410000,2,15,K07-H25-B12,Công ty Cổ phần Phân phối Sao Việt,2025-11-01,Còn hàng
THỜ-2512-0184,Routine Áo khoác gió,Thời trang nam,"Routine Áo khoác gió chính hãng từ Routine. Giá tốt chỉ 557,000đ. Form oversize, Chất liệu cotton 100%. Bảo hành 12 tháng. Giao 24-48H toàn quốc. Đổi trả trong 15 ngày. #routine #gia_tot",Cái,427759,557000,85,15,K11-H22-B13,CTCP Bán lẻ Công nghệ A-Z,2025-09-18,Còn hàng
GIA-2509-0185,Sharp Lò vi sóng 23L Pro,Gia dụng,"Sharp Lò vi sóng 23L Pro chính hãng từ Sharp. Giá tốt chỉ 4,293,000đ. Bảo hành chính hãng 24 tháng, Dung tích 23L, Công suất 700W. Bảo hành 24 tháng. Nhận hàng tại cửa hàng. Hỗ trợ đổi size (thời trang). #sharp #chinhhang",Cái,2826680,4293000,53,11,K07-H13-B08,CT TNHH Xuất nhập khẩu Đại Phát,2025-10-25,Còn hàng
THỰ-2510-0186,Orion Bánh ChocoPie 12 cái SE,Thực phẩm,"Orion Bánh ChocoPie 12 cái SE – lựa chọn đáng giá trong phân khúc. Nổi bật: Bao bì nguyên vẹn, tem nhãn đầy đủ, Nguồn gốc rõ ràng, an toàn vệ sinh, HSD 11 tháng. Bảo hành 12 tháng, Nhận hàng tại cửa hàng. Hỗ trợ đổi size (thời trang).",Gói,244762,358000,155,24,K09-H07-B15,Vũ Lê Tập Đoàn,2025-11-04,Còn hàng
THỜ-2511-0187,Coolmate Áo thun cotton Pro,Thời trang nam,"Coolmate Áo thun cotton Pro chính hãng từ Coolmate. Giá tốt chỉ 172,000đ. Form regular, Màu sắc: xám, Chất liệu cotton 100%. Bảo hành 6 tháng. Nhận hàng tại cửa hàng. Đổi trả trong 7 ngày. #coolmate #chinhhang",Cái,103179,172000,72,15,K06-H27-B10,CTCP Thiết bị Gia dụng H.T,2025-11-04,Còn hàng
MỸP-2507-0188,Maybelline Serum Vitamin C Pro,Mỹ phẩm,"Maybelline Serum Vitamin C Pro – lựa chọn đáng giá trong phân khúc. Nổi bật: Thành phần nổi bật: Niacinamide, Phù hợp loại da thường, Không paraben, không cồn khô. Bảo hành 12 tháng, Giao 24-48H toàn quốc. Hỗ trợ đổi size (thời trang).",Tuýp,834988,1368000,61,8,K11-H19-B04,Dương Công ty Cổ phần,2025-11-01,Còn hàng
PHỤ-2503-0189,Logitech Cáp USB-C 1m,Phụ kiện,"Logitech Cáp USB-C 1m – lựa chọn đáng giá trong phân khúc. Nổi bật: Cáp USB-A to Lightning dài 2m, Công suất 45W, hỗ trợ PD/QC, Chứng nhận an toàn CE/FCC. Bảo hành 6 tháng, Giao nhanh 2H nội thành. Đổi trả trong 7 ngày. #giao_nhanh #logitech",Cái,573322,675000,131,15,K10-H20-B11,CT TNHH Xuất nhập khẩu Đại Phát,2025-11-03,Còn hàng
THỰ-2504-0190,Acecook Mì Hảo Hảo thùng Max,Thực phẩm,"Sản phẩm Acecook Mì Hảo Hảo thùng Max của Acecook: HSD 15 tháng, Nguồn gốc rõ ràng, an toàn vệ sinh, Bao bì nguyên vẹn, tem nhãn đầy đủ. Giá tham khảo 365,000đ. Nhận hàng tại cửa hàng. Đổi trả trong 15 ngày.",Gói,234494,365000,153,24,K11-H05-B06,CTCP Thiết bị Gia dụng H.T,2025-11-03,Còn hàng
THỰ-2509-0191,Acecook Gạo ST25 5kg Pro,Thực phẩm,"Sản phẩm Acecook Gạo ST25 5kg Pro của Acecook: HSD 6 tháng, Bao bì nguyên vẹn, tem nhãn đầy đủ. Giá tham khảo 117,000đ. Giao 24-48H toàn quốc. Đổi trả trong 7 ngày. #acecook #chinhhang",Gói,64327,117000,165,18,K03-H02-B02,Công ty Cổ phần Phân phối Sao Việt,2025-11-05,Còn hàng
ĐỒU-2509-0192,Pepsi Cà phê hòa tan 20 gói,Đồ uống,"Pepsi Cà phê hòa tan 20 gói chính hãng từ Pepsi. Giá tốt chỉ 309,000đ. Thùng 12 lon/chai, NSX gần, HSD còn dài, Bảo quản nơi khô ráo, thoáng mát. Bảo hành 3 tháng. Nhận hàng tại cửa hàng. Đổi trả trong 15 ngày. #pepsi #chinhhang",Thùng,241669,309000,127,25,K12-H10-B02,Phạm Nguyễn Công ty Trách nhiệm hữu hạn,2025-10-18,Còn hàng
THỜ-2508-0193,Canifa Áo sơ mi oxford Plus,Thời trang nam,"Canifa Áo sơ mi oxford Plus – lựa chọn đáng giá trong phân khúc. Nổi bật: Màu sắc: xanh navy, Form regular, Chất liệu cotton 100%. Bảo hành 12 tháng, Giao 24-48H toàn quốc. Đổi trả trong 7 ngày. #gia_tot #chinhhang",Cái,680480,1014000,65,13,K02-H06-B06,Vũ và Trần Tập Đoàn,2025-09-19,Còn hàng
PHỤ-2511-0194,Baseus Bàn phím bluetooth Pro,Phụ kiện,"Baseus Bàn phím bluetooth Pro chính hãng từ Baseus. Giá tốt chỉ 1,122,000đ. Cáp USB-C to USB-C dài 2m, Chứng nhận an toàn CE/FCC, Công suất 65W, hỗ trợ PD/QC. Bảo hành 3 tháng. Giao 24-48H toàn quốc. Đổi trả trong 7 ngày. #giao_nhanh #gia_tot",Cái,742350,1122000,120,21,K10-H18-B12,CTCP Thiết bị Gia dụng H.T,2025-10-31,Còn hàng
ĐỒC-2511-0195,Hasbro Xếp hình 500 mảnh SE,Đồ chơi,"Hasbro Xếp hình 500 mảnh SE – lựa chọn đáng giá trong phân khúc. Nổi bật: Độ tuổi khuyến nghị 8+, Chất liệu an toàn, đạt chuẩn ASTM. Bảo hành 6 tháng, Giao nhanh 2H nội thành. Đổi trả trong 15 ngày. #giao_nhanh #chinhhang",Hộp,589258,816000,33,5,K06-H15-B08,Mai và đối tác Doanh nghiệp tư nhân,2025-11-02,Còn hàng
THỰ-2501-0196,Acecook Gạo ST25 5kg Mini,Thực phẩm,"Acecook Gạo ST25 5kg Mini chính hãng từ Acecook. Giá tốt chỉ 525,000đ. Bao bì nguyên vẹn, tem nhãn đầy đủ, HSD 7 tháng, Nguồn gốc rõ ràng, an toàn vệ sinh. Bảo hành 3 tháng. Nhận hàng tại cửa hàng. Hỗ trợ đổi size (thời trang).",Gói,332819,525000,156,24,K04-H11-B17,Công ty TNHH Thương mại Minh Anh,2025-09-11,Còn hàng
THỜ-2512-0197,IVY Moda Áo kiểu lụa SE,Thời trang nữ,,Cái,917850,1438000,96,22,K02-H24-B05,CTCP Thiết bị Gia dụng H.T,2025-11-05,Còn hàng
LAP-2509-0198,Dell Pavilion 14 Plus,Laptop,"Dell Pavilion 14 Plus – lựa chọn đáng giá trong phân khúc. Nổi bật: Pin dùng 8 giờ, RAM 32GB, SSD 256GB, CPU Ryzen 7, Màn hình 13.3"" FHD. Bảo hành 6 tháng, Nhận hàng tại cửa hàng. Đổi trả trong 7 ngày.",Chiếc,25197347,38781000,6,5,K04-H30-B09,CT TNHH Xuất nhập khẩu Đại Phát,2025-09-18,Còn hàng
LAP-2502-0199,Lenovo MacBook Air M2 SE,Laptop,,Chiếc,33264424,48511000,14,10,K08-H13-B13,Nguyễn và Trần Công ty Hợp danh,2025-10-17,Còn hàng
PHỤ-2512-0200,Logitech Cáp USB-C 1m Max,Phụ kiện,"Sản phẩm Logitech Cáp USB-C 1m Max của Logitech: Cáp USB-C to USB-C dài 1m, Chứng nhận an toàn CE/FCC. Giá tham khảo 1,552,000đ. Nhận hàng tại cửa hàng. Đổi trả trong 15 ngày. #chinhhang #gia_tot",Cái,1042940,1552000,112,24,K09-H10-B05,CTCP Thiết bị Gia dụng H.T,2025-11-05,Còn hàng
GIA-2511-0201,Sharp Máy xay sinh tố Mini,Gia dụng,"Sharp Máy xay sinh tố Mini – lựa chọn đáng giá trong phân khúc. Nổi bật: Công suất 900W, Dung tích 1.7L, Bảo hành chính hãng 12 tháng. Bảo hành 18 tháng, Nhận hàng tại cửa hàng. Đổi trả trong 7 ngày. #sharp #gia_tot",Cái,1960410,2941000,45,8,K04-H20-B09,Công ty Cổ phần Phân phối Sao Việt,2025-10-12,Còn hàng
THỜ-2505-0202,Canifa Áo sơ mi oxford Pro,Thời trang nam,"Sản phẩm Canifa Áo sơ mi oxford Pro của Canifa: Màu sắc: xám, Form regular, Chất liệu cotton 100%. Giá tham khảo 1,003,000đ. Giao nhanh 2H nội thành. Đổi trả trong 7 ngày.",Cái,658444,1003000,97,10,K06-H16-B15,CTCP Thiết bị Gia dụng H.T,2025-11-05,Còn hàng
THỜ-2511-0203,H&M Chân váy chữ A Max,Thời trang nữ,"H&M Chân váy chữ A Max chính hãng từ H&M. Giá tốt chỉ 1,260,000đ. Phom oversize, Dễ phối đồ, phù hợp đi làm/đi chơi, Chất liệu lụa. Bảo hành 6 tháng. Giao nhanh 2H nội thành. Hỗ trợ đổi size (thời trang). #chinhhang #giao_nhanh",Cái,951932,1260000,84,19,K08-H15-B12,Bùi Công ty Hợp danh,2025-10-25,Còn hàng
LAP-2501-0204,Dell Modern 14,Laptop,"Sản phẩm Dell Modern 14 của Dell: RAM 16GB, SSD 256GB, CPU Ryzen 7, Màn hình 15.6"" FHD. Giá tham khảo 46,444,000đ. Giao nhanh 2H nội thành. Đổi trả trong 15 ngày. #dell #gia_tot",Chiếc,34266795,46444000,11,13,K04-H30-B02,CTCP Bán lẻ Công nghệ A-Z,2025-11-06,Còn hàng
THỰ-2511-0205,Orion Mì Hảo Hảo thùng SE,Thực phẩm,"Orion Mì Hảo Hảo thùng SE chính hãng từ Orion. Giá tốt chỉ 438,000đ. Nguồn gốc rõ ràng, an toàn vệ sinh, Bao bì nguyên vẹn, tem nhãn đầy đủ, HSD 6 tháng. Bảo hành 3 tháng. Giao 24-48H toàn quốc. Đổi trả trong 7 ngày. #gia_tot #chinhhang",Gói,244614,438000,150,20,K03-H15-B06,CTCP Bán lẻ Công nghệ A-Z,2025-10-30,Còn hàng
GIA-2508-0206,Electrolux Lò vi sóng 23L Mini,Gia dụng,"Sản phẩm Electrolux Lò vi sóng 23L Mini của Electrolux: Dung tích 1.7L, Bảo hành chính hãng 12 tháng, Công suất 900W. Giá tham khảo 8,319,000đ. Giao 24-48H toàn quốc. Hỗ trợ đổi size (thời trang).",Cái,5111039,8319000,39,18,K01-H21-B11,CTCP Bán lẻ Công nghệ A-Z,2025-11-02,Còn hàng
LAP-2504-0207,Asus MacBook Air M2 Mini,Laptop,,Chiếc,19428617,31223000,5,13,K06-H16-B16,Đặng Bùi Công ty TNHH,2025-10-31,Còn hàng
PHỤ-2502-0208,Hyper Cáp USB-C 1m Max,Phụ kiện,"Hyper Cáp USB-C 1m Max chính hãng từ Hyper. Giá tốt chỉ 652,000đ. Công suất 20W, hỗ trợ PD/QC, Chứng nhận an toàn CE/FCC, Cáp USB-A to Lightning dài 2m. Bảo hành 6 tháng. Giao nhanh 2H nội thành. Hỗ trợ đổi size (thời trang). #hyper #chinhhang",Cái,416760,652000,107,20,K03-H06-B12,Công ty TNHH Thương mại Minh Anh,2025-11-03,Còn hàng
GIA-2510-0209,Panasonic Máy xay sinh tố SE,Gia dụng,"Panasonic Máy xay sinh tố SE – lựa chọn đáng giá trong phân khúc. Nổi bật: Bảo hành chính hãng 12 tháng, Công suất 1800W, Dung tích 1.7L. Bảo hành 18 tháng, Giao nhanh 2H nội thành. Đổi trả trong 7 ngày. #panasonic #gia_tot",Cái,1840803,2750000,38,9,K09-H02-B19,Công ty Cổ phần Phân phối Sao Việt,2025-10-07,Còn hàng
PHỤ-2503-0210,Ugreen Chuột không dây SE,Phụ kiện,"Ugreen Chuột không dây SE chính hãng từ Ugreen. Giá tốt chỉ 998,000đ. Chứng nhận an toàn CE/FCC, Công suất 65W, hỗ trợ PD/QC. Bảo hành 6 tháng. Giao nhanh 2H nội thành. Đổi trả trong 7 ngày. #ugreen #chinhhang",Cái,708693,998000,111,17,K09-H09-B06,Vũ Công ty Hợp danh,2025-10-25,Còn hàng
ĐỒU-2510-0211,Coca-Cola Lon 330ml thùng 24 Mini,Đồ uống,"Coca-Cola Lon 330ml thùng 24 Mini chính hãng từ Coca-Cola. Giá tốt chỉ 631,000đ. NSX gần, HSD còn dài, Thùng 24 lon/chai, Bảo quản nơi khô ráo, thoáng mát. Bảo hành 12 tháng. Giao 24-48H toàn quốc. Đổi trả trong 15 ngày. #coca-cola #chinhhang",Thùng,411854,631000,144,14,K09-H17-B04,Công ty Cổ phần Phân phối Sao Việt,2025-10-06,Còn hàng
MỸP-2512-0212,The Ordinary Serum Vitamin C SE,Mỹ phẩm,"Sản phẩm The Ordinary Serum Vitamin C SE của The Ordinary: Phù hợp loại da dầu, Thành phần nổi bật: Niacinamide, Không paraben, không cồn khô. Giá tham khảo 593,000đ. Nhận hàng tại cửa hàng. Đổi trả trong 7 ngày. #chinhhang #gia_tot",Tuýp,393021,593000,80,10,K05-H16-B08,Vũ và đối tác Công ty Hợp danh,2025-11-05,Còn hàng
GIA-2502-0213,Sharp Ấm siêu tốc 1.7L Plus,Gia dụng,"Sản phẩm Sharp Ấm siêu tốc 1.7L Plus của Sharp: Dung tích 23L, Bảo hành chính hãng 12 tháng, Công suất 900W. Giá tham khảo 5,033,000đ. Giao nhanh 2H nội thành. Đổi trả trong 15 ngày. #giao_nhanh #gia_tot",Cái,2944817,5033000,51,8,K10-H09-B09,Bùi và đối tác Công ty Trách nhiệm hữu hạn,2025-11-04,Còn hàng
ĐỒU-2512-0214,Lavie Cà phê hòa tan 20 gói Mini,Đồ uống,"Lavie Cà phê hòa tan 20 gói Mini chính hãng từ Lavie. Giá tốt chỉ 434,000đ. Thùng 12 lon/chai, NSX gần, HSD còn dài, Bảo quản nơi khô ráo, thoáng mát. Bảo hành 3 tháng. Giao 24-48H toàn quốc. Hỗ trợ đổi size (thời trang).",Thùng,311199,434000,115,17,K11-H04-B08,Công ty Cổ phần Phân phối Sao Việt,2025-10-18,Còn hàng
PHỤ-2502-0215,Hyper Bàn phím bluetooth Mini,Phụ kiện,"Sản phẩm Hyper Bàn phím bluetooth Mini của Hyper: Công suất 20W, hỗ trợ PD/QC, Chứng nhận an toàn CE/FCC, Cáp USB-C to USB-C dài 2m. Giá tham khảo 706,000đ. Giao nhanh 2H nội thành. Đổi trả trong 7 ngày.",Cái,529869,706000,99,14,K06-H03-B20,CT TNHH Xuất nhập khẩu Đại Phát,2025-10-31,Còn hàng
THỰ-2510-0216,Acecook Mì Hảo Hảo thùng Pro,Thực phẩm,"Sản phẩm Acecook Mì Hảo Hảo thùng Pro của Acecook: Nguồn gốc rõ ràng, an toàn vệ sinh, Bao bì nguyên vẹn, tem nhãn đầy đủ, HSD 11 tháng. Giá tham khảo 299,000đ. Giao 24-48H toàn quốc. Đổi trả trong 15 ngày. #chinhhang #giao_nhanh",Gói,225201,299000,148,22,K11-H02-B12,Công ty TNHH Thương mại Minh Anh,2025-10-23,Còn hàng
LAP-2512-0217,Dell Modern 14 Plus,Laptop,"Sản phẩm Dell Modern 14 Plus của Dell: Màn hình 15.6"" FHD, Pin dùng 8 giờ, RAM 32GB, SSD 256GB. Giá tham khảo 40,229,000đ. Giao 24-48H toàn quốc. Đổi trả trong 7 ngày.",Chiếc,26352356,40229000,11,12,K05-H08-B20,Vũ Doanh nghiệp tư nhân,2025-09-25,Còn hàng
THỰ-2510-0218,Acecook Gạo ST25 5kg Mini,Thực phẩm,"Sản phẩm Acecook Gạo ST25 5kg Mini của Acecook: Nguồn gốc rõ ràng, an toàn vệ sinh, HSD 7 tháng, Bao bì nguyên vẹn, tem nhãn đầy đủ. Giá tham khảo 559,000đ. Nhận hàng tại cửa hàng. Đổi trả trong 7 ngày.",Gói,386299,559000,132,30,K06-H25-B15,CTCP Bán lẻ Công nghệ A-Z,2025-10-28,Còn hàng
THỜ-2509-0219,Coolmate Quần jeans slim SE,Thời trang nam,,Cái,542074,623000,81,8,K05-H08-B10,CTCP Thiết bị Gia dụng H.T,2025-11-04,Còn hàng
PHỤ-2504-0220,Hyper Hub 6-in-1 Plus,Phụ kiện,"Hyper Hub 6-in-1 Plus chính hãng từ Hyper. Giá tốt chỉ 510,000đ. Chứng nhận an toàn CE/FCC, Cáp USB-C to USB-C dài 1m. Bảo hành 3 tháng. Nhận hàng tại cửa hàng. Đổi trả trong 15 ngày.",Cái,387122,510000,115,20,K12-H22-B07,Công ty Cổ phần Phân phối Sao Việt,2025-11-03,Còn hàng
LAP-2501-0221,Dell Swift 3 SE,Laptop,"Dell Swift 3 SE – lựa chọn đáng giá trong phân khúc. Nổi bật: CPU Intel Core i7, Pin dùng 12 giờ, Màn hình 13.3"" FHD. Bảo hành 6 tháng, Nhận hàng tại cửa hàng. Đổi trả trong 15 ngày.",Chiếc,31942745,49609000,11,5,K06-H20-B11,CTCP Bán lẻ Công nghệ A-Z,2025-11-02,Còn hàng
ĐIỆ-2511-0222,Vivo iPhone 15 Mini,Điện thoại,,Chiếc,15858429,24016000,13,7,K02-H23-B17,Công ty TNHH Thương mại Minh Anh,2025-10-13,Còn hàng
GIA-2506-0223,Sunhouse Bếp hồng ngoại Pro,Gia dụng,"Sunhouse Bếp hồng ngoại Pro – lựa chọn đáng giá trong phân khúc. Nổi bật: Dung tích 1.8L, Công suất 900W, Bảo hành chính hãng 24 tháng. Bảo hành 12 tháng, Giao 24-48H toàn quốc. Hỗ trợ đổi size (thời trang). #sunhouse #gia_tot",Cái,4138813,5603000,44,15,K05-H06-B18,CTCP Thiết bị Gia dụng H.T,2025-11-05,Còn hàng
MỸP-2511-0224,Maybelline Kem dưỡng ẩm SE,Mỹ phẩm,"Sản phẩm Maybelline Kem dưỡng ẩm SE của Maybelline: Thành phần nổi bật: Niacinamide, Phù hợp loại da dầu, Không paraben, không cồn khô. Giá tham khảo 1,060,000đ. Giao 24-48H toàn quốc. Đổi trả trong 7 ngày. #giao_nhanh #gia_tot",Tuýp,628083,1060000,82,14,K12-H09-B08,CT TNHH Xuất nhập khẩu Đại Phát,2025-10-29,Còn hàng
ĐỒC-2502-0225,Mattel Bộ lắp ghép Mini,Đồ chơi,"Sản phẩm Mattel Bộ lắp ghép Mini của Mattel: Chất liệu an toàn, đạt chuẩn EN-71, Phát triển tư duy & sáng tạo, Độ tuổi khuyến nghị 6+. Giá tham khảo 510,000đ. Giao 24-48H toàn quốc. Hỗ trợ đổi size (thời trang). #gia_tot #mattel",Hộp,374239,510000,30,8,K05-H16-B04,CTCP Thiết bị Gia dụng H.T,2025-11-03,Còn hàng
THỜ-2508-0226,Yody Áo khoác gió,Thời trang nam,"Yody Áo khoác gió chính hãng từ Yody. Giá tốt chỉ 725,000đ. Chất liệu kaki co giãn, Màu sắc: xám, Form regular. Bảo hành 3 tháng. Giao nhanh 2H nội thành. Đổi trả trong 15 ngày. #giao_nhanh #yody",Cái,438807,725000,76,10,K05-H15-B05,Trần Vũ Công ty Hợp danh,2025-10-28,Còn hàng
ĐỒC-2506-0227,Takara Tomy Ô tô điều khiển Mini,Đồ chơi,"Takara Tomy Ô tô điều khiển Mini – lựa chọn đáng giá trong phân khúc. Nổi bật: Độ tuổi khuyến nghị 3+, Chất liệu an toàn, đạt chuẩn ASTM. Bảo hành 3 tháng, Giao nhanh 2H nội thành. Đổi trả trong 7 ngày. #chinhhang #gia_tot",Hộp,958986,1411000,31,17,K03-H28-B01,Công ty Cổ phần Phân phối Sao Việt,2025-11-03,Còn hàng
THỰ-2510-0228,Orion Bánh ChocoPie 12 cái Plus,Thực phẩm,"Orion Bánh ChocoPie 12 cái Plus – lựa chọn đáng giá trong phân khúc. Nổi bật: Bao bì nguyên vẹn, tem nhãn đầy đủ, Nguồn gốc rõ ràng, an toàn vệ sinh, HSD 8 tháng. Bảo hành 3 tháng, Giao nhanh 2H nội thành. Hỗ trợ đổi size (thời trang).",Gói,110769,158000,157,19,K07-H10-B08,CTCP Thiết bị Gia dụng H.T,2025-09-26,Còn hàng
THỜ-2505-0229,Coolmate Áo khoác gió SE,Thời trang nam,"Coolmate Áo khoác gió SE chính hãng từ Coolmate. Giá tốt chỉ 271,000đ. Chất liệu kaki co giãn, Form oversize, Màu sắc: xanh navy. Bảo hành 6 tháng. Giao 24-48H toàn quốc. Hỗ trợ đổi size (thời trang).",Cái,228431,271000,87,22,K12-H18-B06,CT TNHH Xuất nhập khẩu Đại Phát,2025-10-29,Còn hàng
MỸP-2505-0230,Innisfree Serum Vitamin C Mini,Mỹ phẩm,"Innisfree Serum Vitamin C Mini chính hãng từ Innisfree. Giá tốt chỉ 686,000đ. Phù hợp loại da khô, Thành phần nổi bật: Niacinamide, Không paraben, không cồn khô. Bảo hành 6 tháng. Giao 24-48H toàn quốc. Hỗ trợ đổi size (thời trang).",Tuýp,387196,686000,72,11,K01-H17-B05,CT TNHH Xuất nhập khẩu Đại Phát,2025-09-11,Còn hàng
THỰ-2509-0231,Acecook Mì Hảo Hảo thùng Mini,Thực phẩm,"Sản phẩm Acecook Mì Hảo Hảo thùng Mini của Acecook: Nguồn gốc rõ ràng, an toàn vệ sinh, Bao bì nguyên vẹn, tem nhãn đầy đủ, HSD 9 tháng. Giá tham khảo 239,000đ. Nhận hàng tại cửa hàng. Hỗ trợ đổi size (thời trang). #giao_nhanh #gia_tot",Gói,205168,239000,169,28,K03-H23-B13,Phạm và Phạm Công ty Cổ phần,2025-08-15,Còn hàng
GIA-2505-0232,Panasonic Máy xay sinh tố Max,Gia dụng,"Panasonic Máy xay sinh tố Max – lựa chọn đáng giá trong phân khúc. Nổi bật: Bảo hành chính hãng 12 tháng, Dung tích 1.7L. Bảo hành 6 tháng, Giao nhanh 2H nội thành. Đổi trả trong 7 ngày. #panasonic #giao_nhanh",Cái,4442889,7064000,34,7,K10-H15-B09,Dương Hoàng Tập Đoàn,2025-11-05,Còn hàng
ĐIỆ-2501-0233,Apple S23 Max,Điện thoại,"Apple S23 Max – lựa chọn đáng giá trong phân khúc. Nổi bật: Chip Snapdragon 7 Gen 1, Pin 5000mAh, sạc nhanh 25W. Bảo hành 24 tháng, Giao nhanh 2H nội thành. Đổi trả trong 7 ngày.",Chiếc,9225753,15325000,15,17,K07-H10-B16,Bùi và đối tác Công ty Trách nhiệm hữu hạn,2025-11-02,Còn hàng
ĐIỆ-2507-0234,Samsung G22 Max,Điện thoại,"Sản phẩm Samsung G22 Max của Samsung: Màn hình 6.3"" AMOLED 120Hz, RAM 12GB, ROM 512GB, Camera 50MP, quay 4K. Giá tham khảo 10,331,000đ. Giao 24-48H toàn quốc. Đổi trả trong 15 ngày. #giao_nhanh #chinhhang",Chiếc,6922821,10331000,26,16,K01-H07-B15,Dương và đối tác Công ty TNHH MTV,2025-10-13,Còn hàng
GIA-2507-0235,Panasonic Máy xay sinh tố,Gia dụng,,Cái,729668,1210000,33,14,K05-H19-B04,Công ty Cổ phần Phân phối Sao Việt,2025-10-19,Còn hàng
ĐIỆ-2512-0236,Vivo G22 Mini,Điện thoại,"Vivo G22 Mini chính hãng từ Vivo. Giá tốt chỉ 12,221,000đ. RAM 12GB, ROM 128GB, Pin 4500mAh, sạc nhanh 67W, Chip A17 Pro, Camera 64MP, quay 4K. Bảo hành 18 tháng. Giao 24-48H toàn quốc. Hỗ trợ đổi size (thời trang). #vivo #gia_tot",Chiếc,8170547,12221000,19,6,K02-H08-B06,CTCP Bán lẻ Công nghệ A-Z,2025-09-06,Còn hàng
PHỤ-2512-0237,Baseus Sạc 20W Mini,Phụ kiện,"Sản phẩm Baseus Sạc 20W Mini của Baseus: Công suất 30W, hỗ trợ PD/QC, Chứng nhận an toàn CE/FCC, Cáp USB-C to USB-C dài 1m. Giá tham khảo 1,325,000đ. Giao 24-48H toàn quốc. Đổi trả trong 15 ngày. #chinhhang #giao_nhanh",Cái,826632,1325000,118,26,K09-H23-B16,Công ty Cổ phần Phân phối Sao Việt,2025-11-04,Còn hàng
THỰ-2510-0238,Vissan Mì Hảo Hảo thùng Pro,Thực phẩm,"Vissan Mì Hảo Hảo thùng Pro – lựa chọn đáng giá trong phân khúc. Nổi bật: Nguồn gốc rõ ràng, an toàn vệ sinh, Bao bì nguyên vẹn, tem nhãn đầy đủ, HSD 8 tháng. Bảo hành 12 tháng, Giao 24-48H toàn quốc. Đổi trả trong 15 ngày. #chinhhang #vissan",Gói,307897,514000,136,26,K04-H11-B03,CTCP Bán lẻ Công nghệ A-Z,2025-10-31,Còn hàng
THỰ-2503-0239,Orion Bánh ChocoPie 12 cái Max,Thực phẩm,"Orion Bánh ChocoPie 12 cái Max chính hãng từ Orion. Giá tốt chỉ 239,000đ. HSD 11 tháng, Bao bì nguyên vẹn, tem nhãn đầy đủ. Bảo hành 3 tháng. Nhận hàng tại cửa hàng. Hỗ trợ đổi size (thời trang). #gia_tot #giao_nhanh",Gói,160337,239000,164,16,K08-H07-B04,CT TNHH Xuất nhập khẩu Đại Phát,2025-10-29,Còn hàng
MỸP-2501-0240,L'Oreal Kem chống nắng SPF50,Mỹ phẩm,,Tuýp,513533,681000,58,18,K07-H27-B12,Phạm và đối tác Công ty Cổ phần,2025-10-18,Còn hàng
ĐỒU-2512-0241,Lavie Cà phê hòa tan 20 gói Pro,Đồ uống,"Sản phẩm Lavie Cà phê hòa tan 20 gói Pro của Lavie: NSX gần, HSD còn dài, Bảo quản nơi khô ráo, thoáng mát, Thùng 12 lon/chai. Giá tham khảo 598,000đ. Nhận hàng tại cửa hàng. Đổi trả trong 7 ngày.",Thùng,416787,598000,100,15,K02-H07-B17,Công ty Cổ phần Phân phối Sao Việt,2025-11-02,Còn hàng
THỜ-2508-0242,IVY Moda Chân váy chữ A,Thời trang nữ,"IVY Moda Chân váy chữ A – lựa chọn đáng giá trong phân khúc. Nổi bật: Dễ phối đồ, phù hợp đi làm/đi chơi, Phom bodycon, Chất liệu cotton. Bảo hành 6 tháng, Giao 24-48H toàn quốc. Hỗ trợ đổi size (thời trang).",Cái,958410,1468000,90,22,K03-H26-B06,CTCP Bán lẻ Công nghệ A-Z,2025-09-29,Còn hàng
THỜ-2509-0243,Canifa Áo sơ mi oxford Mini,Thời trang nam,"Canifa Áo sơ mi oxford Mini – lựa chọn đáng giá trong phân khúc. Nổi bật: Form regular, Chất liệu thun lạnh, Màu sắc: đen. Bảo hành 6 tháng, Giao nhanh 2H nội thành. Đổi trả trong 7 ngày. #giao_nhanh #canifa",Cái,535153,763000,79,16,K08-H15-B13,Công ty TNHH Thương mại Minh Anh,2025-11-03,Còn hàng
THỰ-2508-0244,Kinh Đô Bánh ChocoPie 12 cái Pro,Thực phẩm,"Kinh Đô Bánh ChocoPie 12 cái Pro – lựa chọn đáng giá trong phân khúc. Nổi bật: Nguồn gốc rõ ràng, an toàn vệ sinh, Bao bì nguyên vẹn, tem nhãn đầy đủ, HSD 9 tháng. Bảo hành 12 tháng, Giao nhanh 2H nội thành. Hỗ trợ đổi size (thời trang).",Gói,127752,170000,157,26,K05-H12-B19,CTCP Thiết bị Gia dụng H.T,2025-11-04,Còn hàng
PHỤ-2510-0245,Hyper Sạc dự phòng 10.000mAh,Phụ kiện,"Hyper Sạc dự phòng 10.000mAh chính hãng từ Hyper. Giá tốt chỉ 1,197,000đ. Công suất 65W, hỗ trợ PD/QC, Chứng nhận an toàn CE/FCC, Cáp USB-C to USB-C dài 1m. Bảo hành 12 tháng. Nhận hàng tại cửa hàng. Hỗ trợ đổi size (thời trang). #hyper #chinhhang",Cái,777814,1197000,134,15,K05-H02-B19,Công ty TNHH Thương mại Minh Anh,2025-08-09,Còn hàng
ĐỒC-2510-0246,Lego Ô tô điều khiển SE,Đồ chơi,"Lego Ô tô điều khiển SE – lựa chọn đáng giá trong phân khúc. Nổi bật: Độ tuổi khuyến nghị 6+, Chất liệu an toàn, đạt chuẩn ASTM. Bảo hành 6 tháng, Giao nhanh 2H nội thành. Đổi trả trong 7 ngày. #chinhhang #giao_nhanh",Hộp,989198,1489000,33,7,K12-H08-B05,CT TNHH Xuất nhập khẩu Đại Phát,2025-10-11,Còn hàng
THỜ-2509-0247,H&M Đầm midi Mini,Thời trang nữ,"H&M Đầm midi Mini – lựa chọn đáng giá trong phân khúc. Nổi bật: Phom oversize, Chất liệu voan, Dễ phối đồ, phù hợp đi làm/đi chơi. Bảo hành 3 tháng, Giao nhanh 2H nội thành. Đổi trả trong 15 ngày. #chinhhang #h&m",Cái,920952,1146000,95,22,K03-H25-B05,Công ty Cổ phần Phân phối Sao Việt,2025-10-27,Còn hàng
THỜ-2504-0248,Zara Chân váy chữ A Plus,Thời trang nữ,"Zara Chân váy chữ A Plus chính hãng từ Zara. Giá tốt chỉ 928,000đ. Dễ phối đồ, phù hợp đi làm/đi chơi, Chất liệu lụa, Phom A-line. Bảo hành 3 tháng. Nhận hàng tại cửa hàng. Đổi trả trong 15 ngày.",Cái,660719,928000,94,19,K11-H01-B10,CTCP Thiết bị Gia dụng H.T,2025-10-12,Còn hàng
LAP-2510-0249,Dell Inspiron 15 Max,Laptop,"Sản phẩm Dell Inspiron 15 Max của Dell: Màn hình 15.6"" FHD, Pin dùng 8 giờ, RAM 8GB, SSD 1024GB, CPU Ryzen 7. Giá tham khảo 55,597,000đ. Nhận hàng tại cửa hàng. Đổi trả trong 15 ngày.",Chiếc,34244261,55597000,11,5,K05-H01-B11,Công ty TNHH Thương mại Minh Anh,2025-10-31,Còn hàng
PHỤ-2511-0250,Anker Chuột không dây SE,Phụ kiện,"Sản phẩm Anker Chuột không dây SE của Anker: Chứng nhận an toàn CE/FCC, Cáp USB-C to USB-C dài 1m, Công suất 65W, hỗ trợ PD/QC. Giá tham khảo 804,000đ. Giao 24-48H toàn quốc. Hỗ trợ đổi size (thời trang). #chinhhang #anker",Cái,513687,804000,125,13,K01-H10-B07,Dương và Hoàng Tập Đoàn,2025-10-31,Còn hàng
ĐỒC-2509-0251,Takara Tomy Búp bê Mini,Đồ chơi,"Takara Tomy Búp bê Mini – lựa chọn đáng giá trong phân khúc. Nổi bật: Phát triển tư duy & sáng tạo, Chất liệu an toàn, đạt chuẩn EN-71. Bảo hành 12 tháng, Giao 24-48H toàn quốc. Đổi trả trong 15 ngày. #gia_tot #chinhhang",Hộp,1538601,2235000,36,6,K08-H28-B20,Công ty Cổ phần Phân phối Sao Việt,2025-10-30,Còn hàng
THỜ-2505-0252,Yody Quần jeans slim,Thời trang nam,"Yody Quần jeans slim chính hãng từ Yody. Giá tốt chỉ 1,163,000đ. Màu sắc: trắng, Form slim. Bảo hành 6 tháng. Nhận hàng tại cửa hàng. Đổi trả trong 7 ngày.",Cái,672705,1163000,76,15,K09-H09-B02,CT TNHH Xuất nhập khẩu Đại Phát,2025-11-02,Còn hàng
THỰ-2510-0253,Kinh Đô Gạo ST25 5kg Max,Thực phẩm,"Kinh Đô Gạo ST25 5kg Max – lựa chọn đáng giá trong phân khúc. Nổi bật: Bao bì nguyên vẹn, tem nhãn đầy đủ, HSD 14 tháng, Nguồn gốc rõ ràng, an toàn vệ sinh. Bảo hành 12 tháng, Giao nhanh 2H nội thành. Đổi trả trong 7 ngày. #gia_tot #kinh_đô",Gói,246622,402000,140,19,K05-H30-B20,CTCP Bán lẻ Công nghệ A-Z,2025-10-22,Còn hàng
PHỤ-2502-0254,Logitech Cáp USB-C 1m Plus,Phụ kiện,"Logitech Cáp USB-C 1m Plus chính hãng từ Logitech. Giá tốt chỉ 665,000đ. Công suất 65W, hỗ trợ PD/QC, Chứng nhận an toàn CE/FCC, Cáp USB-C to Lightning dài 2m. Bảo hành 3 tháng. Giao nhanh 2H nội thành. Đổi trả trong 7 ngày. #giao_nhanh #logitech",Cái,402494,665000,119,15,K03-H24-B01,Dương Dương Doanh nghiệp tư nhân,2025-10-31,Còn hàng
ĐỒU-2504-0255,Pepsi Cà phê hòa tan 20 gói Max,Đồ uống,"Pepsi Cà phê hòa tan 20 gói Max chính hãng từ Pepsi. Giá tốt chỉ 543,000đ. Thùng 24 lon/chai, NSX gần, HSD còn dài. Bảo hành 6 tháng. Giao 24-48H toàn quốc. Đổi trả trong 7 ngày. #chinhhang #gia_tot",Thùng,287344,543000,126,13,K12-H25-B16,CTCP Bán lẻ Công nghệ A-Z,2025-10-31,Còn hàng
ĐIỆ-2512-0256,Xiaomi Redmi Note 12 Max,Điện thoại,"Sản phẩm Xiaomi Redmi Note 12 Max của Xiaomi: Camera 50MP, quay 4K, Chip Dimensity 7050, Màn hình 6.6"" AMOLED 120Hz. Giá tham khảo 23,178,000đ. Nhận hàng tại cửa hàng. Hỗ trợ đổi size (thời trang). #chinhhang #giao_nhanh",Chiếc,14957902,23178000,27,8,K02-H06-B15,Mai và Dương Công ty Trách nhiệm hữu hạn,2025-11-03,Còn hàng
LAP-2504-0257,Apple Swift 3 Pro,Laptop,"Apple Swift 3 Pro chính hãng từ Apple. Giá tốt chỉ 44,961,000đ. CPU Intel Core i7, Màn hình 14"" 2.8K 90Hz, RAM 16GB, SSD 1024GB. Bảo hành 6 tháng. Nhận hàng tại cửa hàng. Hỗ trợ đổi size (thời trang). #apple #chinhhang",Chiếc,35929847,44961000,10,13,K01-H18-B13,Công ty TNHH Thương mại Minh Anh,2025-10-05,Còn hàng
THỰ-2512-0258,Orion Mì Hảo Hảo thùng SE,Thực phẩm,"Sản phẩm Orion Mì Hảo Hảo thùng SE của Orion: Nguồn gốc rõ ràng, an toàn vệ sinh, Bao bì nguyên vẹn, tem nhãn đầy đủ. Giá tham khảo 370,000đ. Giao 24-48H toàn quốc. Hỗ trợ đổi size (thời trang).",Gói,233035,370000,151,19,K06-H15-B01,CTCP Bán lẻ Công nghệ A-Z,2025-11-02,Còn hàng
PHỤ-2512-0259,Anker Sạc 20W Pro,Phụ kiện,"Sản phẩm Anker Sạc 20W Pro của Anker: Cáp USB-C to Lightning dài 2m, Công suất 20W, hỗ trợ PD/QC, Chứng nhận an toàn CE/FCC. Giá tham khảo 981,000đ. Giao 24-48H toàn quốc. Hỗ trợ đổi size (thời trang).",Cái,768996,981000,117,26,K02-H17-B13,Vũ Đặng Doanh nghiệp tư nhân,2025-11-05,Còn hàng
PHỤ-2501-0260,Ugreen Cáp USB-C 1m,Phụ kiện,"Ugreen Cáp USB-C 1m – lựa chọn đáng giá trong phân khúc. Nổi bật: Cáp USB-C to Lightning dài 2m, Chứng nhận an toàn CE/FCC. Bảo hành 3 tháng, Giao 24-48H toàn quốc. Đổi trả trong 15 ngày. #chinhhang #giao_nhanh",Cái,513552,658000,121,25,K12-H25-B15,Công ty Cổ phần Phân phối Sao Việt,2025-10-27,Còn hàng
MỸP-2511-0261,Maybelline Kem dưỡng ẩm SE,Mỹ phẩm,"Maybelline Kem dưỡng ẩm SE – lựa chọn đáng giá trong phân khúc. Nổi bật: Không paraben, không cồn khô, Phù hợp loại da dầu. Bảo hành 3 tháng, Giao nhanh 2H nội thành. Hỗ trợ đổi size (thời trang). #chinhhang #giao_nhanh",Tuýp,481229,816000,92,22,K08-H03-B20,Công ty Cổ phần Phân phối Sao Việt,2025-11-05,Còn hàng
ĐỒU-2501-0262,Lavie Chai 1.5L lốc 6 Pro,Đồ uống,"Lavie Chai 1.5L lốc 6 Pro – lựa chọn đáng giá trong phân khúc. Nổi bật: NSX gần, HSD còn dài, Thùng 24 lon/chai, Bảo quản nơi khô ráo, thoáng mát. Bảo hành 3 tháng, Giao nhanh 2H nội thành. Đổi trả trong 15 ngày. #lavie #chinhhang",Thùng,312643,475000,134,16,K03-H06-B10,CTCP Bán lẻ Công nghệ A-Z,2025-09-20,Còn hàng
THỜ-2503-0263,IVY Moda Chân váy chữ A Mini,Thời trang nữ,"Sản phẩm IVY Moda Chân váy chữ A Mini của IVY Moda: Phom oversize, Chất liệu lụa. Giá tham khảo 1,113,000đ. Nhận hàng tại cửa hàng. Hỗ trợ đổi size (thời trang).",Cái,630374,1113000,82,12,K05-H11-B17,Công ty Cổ phần Phân phối Sao Việt,2025-09-12,Còn hàng
ĐỒC-2509-0264,Takara Tomy Ô tô điều khiển Plus,Đồ chơi,"Takara Tomy Ô tô điều khiển Plus – lựa chọn đáng giá trong phân khúc. Nổi bật: Độ tuổi khuyến nghị 6+, Phát triển tư duy & sáng tạo, Chất liệu an toàn, đạt chuẩn EN-71. Bảo hành 3 tháng, Giao nhanh 2H nội thành. Đổi trả trong 7 ngày. #chinhhang #giao_nhanh",Hộp,1827170,2419000,38,14,K10-H19-B16,CT TNHH Xuất nhập khẩu Đại Phát,2025-10-28,Còn hàng
GIA-2501-0265,Electrolux Ấm siêu tốc 1.7L Mini,Gia dụng,"Sản phẩm Electrolux Ấm siêu tốc 1.7L Mini của Electrolux: Bảo hành chính hãng 24 tháng, Công suất 700W, Dung tích 1.8L. Giá tham khảo 3,718,000đ. Giao 24-48H toàn quốc. Đổi trả trong 15 ngày. #chinhhang #electrolux",Cái,2478052,3718000,47,14,K11-H07-B01,CTCP Thiết bị Gia dụng H.T,2025-10-17,Còn hàng
GIA-2508-0266,Sharp Lò vi sóng 23L,Gia dụng,"Sản phẩm Sharp Lò vi sóng 23L của Sharp: Dung tích 23L, Công suất 1800W, Bảo hành chính hãng 12 tháng. Giá tham khảo 6,012,000đ. Nhận hàng tại cửa hàng. Hỗ trợ đổi size (thời trang). #chinhhang #sharp",Cái,4562089,6012000,39,19,K11-H05-B16,CT TNHH Xuất nhập khẩu Đại Phát,2025-09-20,Còn hàng
ĐỒU-2503-0267,Lavie Chai 1.5L lốc 6 Pro,Đồ uống,"Sản phẩm Lavie Chai 1.5L lốc 6 Pro của Lavie: Bảo quản nơi khô ráo, thoáng mát, Thùng 12 lon/chai, NSX gần, HSD còn dài. Giá tham khảo 539,000đ. Nhận hàng tại cửa hàng. Đổi trả trong 15 ngày. #lavie #chinhhang",Thùng,378315,539000,120,21,K06-H13-B18,Bùi và đối tác Công ty TNHH,2025-10-11,Còn hàng
MỸP-2505-0268,Maybelline Serum Vitamin C Mini,Mỹ phẩm,"Maybelline Serum Vitamin C Mini – lựa chọn đáng giá trong phân khúc. Nổi bật: Không paraben, không cồn khô, Thành phần nổi bật: Niacinamide, Phù hợp loại da hỗn hợp. Bảo hành 12 tháng, Giao nhanh 2H nội thành. Đổi trả trong 7 ngày.",Tuýp,616829,709000,71,13,K03-H04-B12,Bùi và đối tác Tập Đoàn,2025-10-27,Còn hàng
THỰ-2502-0269,Acecook Xúc xích tiệt trùng 10 cây Max,Thực phẩm,"Acecook Xúc xích tiệt trùng 10 cây Max – lựa chọn đáng giá trong phân khúc. Nổi bật: Nguồn gốc rõ ràng, an toàn vệ sinh, Bao bì nguyên vẹn, tem nhãn đầy đủ. Bảo hành 12 tháng, Nhận hàng tại cửa hàng. Đổi trả trong 7 ngày. #chinhhang #acecook",Gói,177895,240000,157,19,K01-H15-B13,Hoàng Công ty TNHH MTV,2025-10-15,Còn hàng
THỰ-2505-0270,Acecook Bánh ChocoPie 12 cái SE,Thực phẩm,"Sản phẩm Acecook Bánh ChocoPie 12 cái SE của Acecook: Nguồn gốc rõ ràng, an toàn vệ sinh, HSD 10 tháng. Giá tham khảo 206,000đ. Giao nhanh 2H nội thành. Hỗ trợ đổi size (thời trang). #gia_tot #giao_nhanh",Gói,132646,206000,132,21,K04-H10-B09,CT TNHH Xuất nhập khẩu Đại Phát,2025-11-05,Còn hàng
THỜ-2512-0271,Yody Quần jeans slim Max,Thời trang nam,"Yody Quần jeans slim Max chính hãng từ Yody. Giá tốt chỉ 527,000đ. Form slim, Màu sắc: đen. Bảo hành 3 tháng. Giao 24-48H toàn quốc. Đổi trả trong 7 ngày. #gia_tot #giao_nhanh",Cái,428518,527000,71,17,K03-H03-B10,CTCP Thiết bị Gia dụng H.T,2025-11-04,Còn hàng
ĐỒU-2505-0272,Highlands Cà phê hòa tan 20 gói Plus,Đồ uống,"Sản phẩm Highlands Cà phê hòa tan 20 gói Plus của Highlands: Bảo quản nơi khô ráo, thoáng mát, NSX gần, HSD còn dài. Giá tham khảo 527,000đ. Giao 24-48H toàn quốc. Hỗ trợ đổi size (thời trang).",Thùng,334376,527000,131,23,K12-H25-B18,CT TNHH Xuất nhập khẩu Đại Phát,2025-10-20,Còn hàng
MỸP-2503-0273,The Ordinary Kem dưỡng ẩm Max,Mỹ phẩm,"The Ordinary Kem dưỡng ẩm Max – lựa chọn đáng giá trong phân khúc. Nổi bật: Phù hợp loại da thường, Không paraben, không cồn khô. Bảo hành 6 tháng, Giao nhanh 2H nội thành. Đổi trả trong 15 ngày. #gia_tot #the_ordinary",Tuýp,538897,818000,81,15,K07-H06-B11,Mai và đối tác Công ty Trách nhiệm hữu hạn,2025-11-02,Còn hàng
THỜ-2512-0274,Canifa Áo thun cotton Mini,Thời trang nam,"Sản phẩm Canifa Áo thun cotton Mini của Canifa: Form regular, Màu sắc: xám, Chất liệu thun lạnh. Giá tham khảo 638,000đ. Giao 24-48H toàn quốc. Đổi trả trong 7 ngày. #canifa #giao_nhanh",Cái,362160,638000,84,11,K11-H03-B10,CT TNHH Xuất nhập khẩu Đại Phát,2025-11-05,Còn hàng
THỜ-2511-0275,Canifa Áo sơ mi oxford,Thời trang nam,"Sản phẩm Canifa Áo sơ mi oxford của Canifa: Form regular, Chất liệu thun lạnh, Màu sắc: xám. Giá tham khảo 667,000đ. Nhận hàng tại cửa hàng. Đổi trả trong 7 ngày.",Cái,557683,667000,70,10,K12-H19-B16,CTCP Bán lẻ Công nghệ A-Z,2025-11-05,Còn hàng
THỜ-2511-0276,H&M Áo khoác trench,Thời trang nữ,"Sản phẩm H&M Áo khoác trench của H&M: Phom A-line, Dễ phối đồ, phù hợp đi làm/đi chơi, Chất liệu tuýp-si co giãn. Giá tham khảo 525,000đ. Giao 24-48H toàn quốc. Đổi trả trong 15 ngày. #gia_tot #chinhhang",Cái,425985,525000,89,10,K03-H29-B19,Phạm và đối tác Doanh nghiệp tư nhân,2025-10-05,Còn hàng
THỜ-2512-0277,Yody Quần jeans slim Mini,Thời trang nam,"Sản phẩm Yody Quần jeans slim Mini của Yody: Màu sắc: xanh navy, Form oversize. Giá tham khảo 888,000đ. Giao nhanh 2H nội thành. Hỗ trợ đổi size (thời trang).",Cái,637100,888000,96,19,K10-H01-B20,Bùi Doanh nghiệp tư nhân,2025-09-10,Còn hàng
THỜ-2504-0278,Routine Quần jeans slim Pro,Thời trang nam,"Routine Quần jeans slim Pro – lựa chọn đáng giá trong phân khúc. Nổi bật: Màu sắc: trắng, Chất liệu thun lạnh, Form regular. Bảo hành 3 tháng, Nhận hàng tại cửa hàng. Đổi trả trong 15 ngày.",Cái,532004,889000,96,21,K07-H21-B11,Lê và đối tác Tập Đoàn,2025-10-18,Còn hàng
PHỤ-2503-0279,Baseus Sạc dự phòng 10.000mAh Max,Phụ kiện,"Sản phẩm Baseus Sạc dự phòng 10.000mAh Max của Baseus: Công suất 65W, hỗ trợ PD/QC, Cáp USB-C to Lightning dài 1m, Chứng nhận an toàn CE/FCC. Giá tham khảo 389,000đ. Nhận hàng tại cửa hàng. Đổi trả trong 15 ngày.",Cái,273229,389000,102,12,K01-H05-B16,Công ty Cổ phần Phân phối Sao Việt,2025-09-20,Còn hàng
THỜ-2507-0280,H&M Áo kiểu lụa Max,Thời trang nữ,"Sản phẩm H&M Áo kiểu lụa Max của H&M: Phom bodycon, Dễ phối đồ, phù hợp đi làm/đi chơi, Chất liệu cotton. Giá tham khảo 773,000đ. Nhận hàng tại cửa hàng. Đổi trả trong 15 ngày. #giao_nhanh #gia_tot",Cái,599443,773000,96,9,K12-H08-B17,CTCP Bán lẻ Công nghệ A-Z,2025-10-31,Còn hàng
THỰ-2508-0281,Orion Bánh ChocoPie 12 cái Max,Thực phẩm,"Sản phẩm Orion Bánh ChocoPie 12 cái Max của Orion: Bao bì nguyên vẹn, tem nhãn đầy đủ, HSD 13 tháng, Nguồn gốc rõ ràng, an toàn vệ sinh. Giá tham khảo 289,000đ. Giao 24-48H toàn quốc. Hỗ trợ đổi size (thời trang). #giao_nhanh #gia_tot",Gói,187520,289000,130,17,K09-H26-B19,Công ty TNHH Thương mại Minh Anh,2025-10-20,Còn hàng
ĐỒC-2510-0282,Hasbro Bộ lắp ghép,Đồ chơi,"Hasbro Bộ lắp ghép chính hãng từ Hasbro. Giá tốt chỉ 2,130,000đ. Phát triển tư duy & sáng tạo, Độ tuổi khuyến nghị 8+, Chất liệu an toàn, đạt chuẩn EN-71. Bảo hành 6 tháng. Giao 24-48H toàn quốc. Đổi trả trong 7 ngày. #giao_nhanh #gia_tot",Hộp,1463098,2130000,29,12,K10-H09-B02,CTCP Bán lẻ Công nghệ A-Z,2025-10-22,Còn hàng
PHỤ-2505-0283,Logitech Hub 6-in-1 Plus,Phụ kiện,"Logitech Hub 6-in-1 Plus chính hãng từ Logitech. Giá tốt chỉ 1,262,000đ. Chứng nhận an toàn CE/FCC, Công suất 30W, hỗ trợ PD/QC, Cáp USB-A to Lightning dài 1m. Bảo hành 12 tháng. Giao nhanh 2H nội thành. Đổi trả trong 15 ngày.",Cái,902760,1262000,105,12,K10-H06-B19,Trần Công ty Trách nhiệm hữu hạn,2025-09-27,Còn hàng
ĐỒU-2507-0284,Pepsi Chai 1.5L lốc 6 Mini,Đồ uống,,Thùng,295412,416000,141,20,K12-H21-B06,CTCP Thiết bị Gia dụng H.T,2025-11-03,Còn hàng
ĐỒC-2508-0285,Lego Bộ lắp ghép Max,Đồ chơi,"Lego Bộ lắp ghép Max – lựa chọn đáng giá trong phân khúc. Nổi bật: Phát triển tư duy & sáng tạo, Độ tuổi khuyến nghị 6+. Bảo hành 6 tháng, Giao 24-48H toàn quốc. Hỗ trợ đổi size (thời trang).",Hộp,1021211,1479000,24,15,K08-H24-B18,CT TNHH Xuất nhập khẩu Đại Phát,2025-10-08,Còn hàng
ĐIỆ-2506-0286,Samsung Find X5,Điện thoại,"Samsung Find X5 – lựa chọn đáng giá trong phân khúc. Nổi bật: Camera 50MP, quay 4K, Màn hình 6.6"" AMOLED 120Hz, Chip A17 Pro, Pin 5000mAh, sạc nhanh 25W. Bảo hành 6 tháng, Giao nhanh 2H nội thành. Đổi trả trong 7 ngày. #chinhhang #giao_nhanh",Chiếc,19705691,27509000,25,15,K11-H28-B09,CTCP Thiết bị Gia dụng H.T,2025-09-30,Còn hàng
MỸP-2505-0287,Innisfree Kem dưỡng ẩm,Mỹ phẩm,"Sản phẩm Innisfree Kem dưỡng ẩm của Innisfree: Thành phần nổi bật: Niacinamide, Không paraben, không cồn khô, Phù hợp loại da thường. Giá tham khảo 390,000đ. Giao nhanh 2H nội thành. Đổi trả trong 15 ngày.",Tuýp,279472,390000,61,15,K01-H20-B03,CTCP Bán lẻ Công nghệ A-Z,2025-10-26,Còn hàng
ĐỒU-2503-0288,Pepsi Lon 330ml thùng 24,Đồ uống,"Pepsi Lon 330ml thùng 24 – lựa chọn đáng giá trong phân khúc. Nổi bật: Thùng 12 lon/chai, NSX gần, HSD còn dài, Bảo quản nơi khô ráo, thoáng mát. Bảo hành 3 tháng, Giao 24-48H toàn quốc. Đổi trả trong 7 ngày. #chinhhang #gia_tot",Thùng,246972,361000,108,21,K11-H30-B03,CTCP Thiết bị Gia dụng H.T,2025-10-26,Còn hàng
ĐỒC-2508-0289,Hasbro Xếp hình 500 mảnh Pro,Đồ chơi,"Hasbro Xếp hình 500 mảnh Pro chính hãng từ Hasbro. Giá tốt chỉ 1,426,000đ. Độ tuổi khuyến nghị 8+, Phát triển tư duy & sáng tạo, Chất liệu an toàn, đạt chuẩn ASTM. Bảo hành 3 tháng. Giao nhanh 2H nội thành. Đổi trả trong 7 ngày. #giao_nhanh #gia_tot",Hộp,1001015,1426000,27,9,K03-H21-B16,CTCP Bán lẻ Công nghệ A-Z,2025-10-13,Còn hàng
ĐIỆ-2511-0290,OPPO S24,Điện thoại,"OPPO S24 – lựa chọn đáng giá trong phân khúc. Nổi bật: Pin 5000mAh, sạc nhanh 67W, Chip A16 Bionic, RAM 12GB, ROM 128GB. Bảo hành 6 tháng, Giao 24-48H toàn quốc. Hỗ trợ đổi size (thời trang). #giao_nhanh #gia_tot",Chiếc,16020288,24432000,16,5,K11-H13-B09,CTCP Thiết bị Gia dụng H.T,2025-11-05,Còn hàng
ĐỒC-2511-0291,Takara Tomy Bộ lắp ghép,Đồ chơi,"Sản phẩm Takara Tomy Bộ lắp ghép của Takara Tomy: Độ tuổi khuyến nghị 3+, Phát triển tư duy & sáng tạo, Chất liệu an toàn, đạt chuẩn ASTM. Giá tham khảo 1,279,000đ. Giao nhanh 2H nội thành. Đổi trả trong 15 ngày. #chinhhang #giao_nhanh",Hộp,920932,1279000,35,5,K06-H03-B15,Bùi và Vũ Tập Đoàn,2025-06-26,Còn hàng
THỜ-2508-0292,Coolmate Áo thun cotton,Thời trang nam,,Cái,262921,348000,73,14,K04-H01-B19,CT TNHH Xuất nhập khẩu Đại Phát,2025-11-03,Còn hàng
THỰ-2508-0293,Acecook Gạo ST25 5kg SE,Thực phẩm,"Acecook Gạo ST25 5kg SE chính hãng từ Acecook. Giá tốt chỉ 100,000đ. HSD 14 tháng, Bao bì nguyên vẹn, tem nhãn đầy đủ, Nguồn gốc rõ ràng, an toàn vệ sinh. Bảo hành 3 tháng. Nhận hàng tại cửa hàng. Hỗ trợ đổi size (thời trang).",Gói,69037,100000,157,15,K01-H11-B02,Công ty Cổ phần Phân phối Sao Việt,2025-10-10,Còn hàng
ĐIỆ-2511-0294,Realme S24 Mini,Điện thoại,"Sản phẩm Realme S24 Mini của Realme: RAM 12GB, ROM 128GB, Pin 5200mAh, sạc nhanh 25W, Camera 50MP, quay 4K. Giá tham khảo 24,529,000đ. Giao 24-48H toàn quốc. Hỗ trợ đổi size (thời trang). #gia_tot #realme",Chiếc,13173540,24529000,21,5,K10-H02-B08,Phạm và Trần Tập Đoàn,2025-11-05,Còn hàng
THỜ-2511-0295,Coolmate Quần jeans slim Pro,Thời trang nam,,Cái,314385,362000,79,12,K04-H25-B02,CTCP Thiết bị Gia dụng H.T,2025-09-08,Còn hàng
ĐỒC-2512-0296,Hasbro Xếp hình 500 mảnh Max,Đồ chơi,"Hasbro Xếp hình 500 mảnh Max chính hãng từ Hasbro. Giá tốt chỉ 1,543,000đ. Chất liệu an toàn, đạt chuẩn EN-71, Độ tuổi khuyến nghị 6+. Bảo hành 3 tháng. Giao nhanh 2H nội thành. Đổi trả trong 7 ngày.",Hộp,1087829,1543000,34,14,K08-H08-B19,Công ty TNHH Thương mại Minh Anh,2025-10-15,Còn hàng
ĐỒU-2508-0297,Lavie Chai 1.5L lốc 6,Đồ uống,"Lavie Chai 1.5L lốc 6 chính hãng từ Lavie. Giá tốt chỉ 239,000đ. NSX gần, HSD còn dài, Thùng 12 lon/chai, Bảo quản nơi khô ráo, thoáng mát. Bảo hành 12 tháng. Giao 24-48H toàn quốc. Hỗ trợ đổi size (thời trang). #giao_nhanh #gia_tot",Thùng,161223,239000,139,17,K11-H09-B17,Công ty Cổ phần Phân phối Sao Việt,2025-11-06,Còn hàng
THỜ-2502-0298,IVY Moda Áo kiểu lụa Max,Thời trang nữ,"IVY Moda Áo kiểu lụa Max chính hãng từ IVY Moda. Giá tốt chỉ 989,000đ. Phom oversize, Dễ phối đồ, phù hợp đi làm/đi chơi. Bảo hành 6 tháng. Giao 24-48H toàn quốc. Đổi trả trong 7 ngày. #chinhhang #ivy_moda",Cái,542973,989000,90,12,K09-H17-B08,Công ty Cổ phần Phân phối Sao Việt,2025-10-26,Còn hàng
THỜ-2505-0299,Yody Áo sơ mi oxford Mini,Thời trang nam,"Yody Áo sơ mi oxford Mini – lựa chọn đáng giá trong phân khúc. Nổi bật: Form slim, Màu sắc: đen. Bảo hành 3 tháng, Giao nhanh 2H nội thành. Hỗ trợ đổi size (thời trang). #giao_nhanh #gia_tot",Cái,457753,591000,66,18,K08-H02-B04,Phạm Lê Công ty TNHH MTV,2025-10-21,Còn hàng
GIA-2506-0300,Sharp Máy xay sinh tố Pro,Gia dụng,,Cái,1438332,1654000,39,11,K12-H14-B07,Công ty Cổ phần Phân phối Sao Việt,2025-10-13,Còn hàng
